0 verbose cli /.sprite/languages/node/nvm/versions/node/v24.18.0/bin/node /.sprite/languages/node/nvm/versions/node/v24.18.0/bin/npm
1 info using npm@12.0.1
2 info using node@v24.18.0
3 silly config load:file:/.sprite/languages/node/nvm/versions/node/v24.18.0/lib/node_modules/npm/npmrc
4 silly config load:file:/home/sprite/.npmrc
5 silly config load:file:/.sprite/languages/node/nvm/versions/node/v24.18.0/etc/npmrc
6 verbose title npm install
7 verbose argv "install"
8 verbose logfile logs-max:10 dir:/home/sprite/.npm/_logs/2026-09-29T13_08_50_170Z-
9 verbose logfile /home/sprite/.npm/_logs/2026-09-29T13_08_50_170Z-debug-0.log
10 silly logfile done cleaning log files
11 silly packumentCache heap:4496293888 maxSize:1124073472 maxEntrySize:562036736
12 silly idealTree buildDeps
13 silly fetch manifest @supabase/supabase-js@^2.58.0
14 silly packumentCache full:https://registry.npmjs.org/@supabase%2fsupabase-js cache-miss
15 http fetch GET 200 https://registry.npmjs.org/npm 151ms
16 http fetch GET 200 https://registry.npmjs.org/@supabase%2fsupabase-js 241ms (cache miss)
17 silly packumentCache full:https://registry.npmjs.org/@supabase%2fsupabase-js set size:undefined disposed:false
18 silly fetch manifest @opentelemetry/api@>=1.0.0
19 silly packumentCache full:https://registry.npmjs.org/@opentelemetry%2fapi cache-miss
20 http fetch GET 200 https://registry.npmjs.org/@opentelemetry%2fapi 53ms (cache miss)
21 silly packumentCache full:https://registry.npmjs.org/@opentelemetry%2fapi set size:undefined disposed:false
22 silly fetch manifest @tanstack/react-router@^1.170.18
23 silly packumentCache full:https://registry.npmjs.org/@tanstack%2freact-router cache-miss
24 http fetch GET 200 https://registry.npmjs.org/@tanstack%2freact-router 170ms (cache miss)
25 silly packumentCache full:https://registry.npmjs.org/@tanstack%2freact-router set size:undefined disposed:false
26 silly fetch manifest react@^19.2.8
27 silly packumentCache full:https://registry.npmjs.org/react cache-miss
28 http fetch GET 200 https://registry.npmjs.org/react 216ms (cache miss)
29 silly packumentCache full:https://registry.npmjs.org/react set size:undefined disposed:false
30 silly fetch manifest react-dom@^19.2.8
31 silly packumentCache full:https://registry.npmjs.org/react-dom cache-miss
32 http fetch GET 200 https://registry.npmjs.org/react-dom 215ms (cache miss)
33 silly packumentCache full:https://registry.npmjs.org/react-dom set size:undefined disposed:false
34 silly fetch manifest framer-motion@^11.15.0
35 silly packumentCache full:https://registry.npmjs.org/framer-motion cache-miss
36 http fetch GET 200 https://registry.npmjs.org/framer-motion 191ms (cache miss)
37 silly packumentCache full:https://registry.npmjs.org/framer-motion set size:undefined disposed:false
38 silly fetch manifest @emotion/is-prop-valid@*
39 silly packumentCache full:https://registry.npmjs.org/@emotion%2fis-prop-valid cache-miss
40 http fetch GET 200 https://registry.npmjs.org/@emotion%2fis-prop-valid 48ms (cache miss)
41 silly packumentCache full:https://registry.npmjs.org/@emotion%2fis-prop-valid set size:undefined disposed:false
42 silly fetch manifest lucide-react@^0.468.0
43 silly packumentCache full:https://registry.npmjs.org/lucide-react cache-miss
44 http fetch GET 200 https://registry.npmjs.org/lucide-react 98ms (cache miss)
45 silly packumentCache full:https://registry.npmjs.org/lucide-react set size:undefined disposed:false
46 silly fetch manifest recharts@^2.15.0
47 silly packumentCache full:https://registry.npmjs.org/recharts cache-miss
48 http fetch GET 200 https://registry.npmjs.org/recharts 86ms (cache miss)
49 silly packumentCache full:https://registry.npmjs.org/recharts set size:undefined disposed:false
50 silly fetch manifest @tailwindcss/vite@^4.3.3
51 silly packumentCache full:https://registry.npmjs.org/@tailwindcss%2fvite cache-miss
52 http fetch GET 200 https://registry.npmjs.org/@tailwindcss%2fvite 141ms (cache miss)
53 silly packumentCache full:https://registry.npmjs.org/@tailwindcss%2fvite set size:undefined disposed:false
54 silly fetch manifest vite@^8.1.5
55 silly packumentCache full:https://registry.npmjs.org/vite cache-miss
56 http fetch GET 200 https://registry.npmjs.org/vite 1428ms (cache miss)
57 silly packumentCache full:https://registry.npmjs.org/vite set size:undefined disposed:false
58 silly fetch manifest @types/node@^20.19.0 || >=22.12.0
59 silly packumentCache full:https://registry.npmjs.org/@types%2fnode cache-miss
60 http fetch GET 200 https://registry.npmjs.org/@types%2fnode 230ms (cache miss)
61 silly packumentCache full:https://registry.npmjs.org/@types%2fnode set size:undefined disposed:false
62 silly fetch manifest @vitejs/devtools@^0.7.1
63 silly packumentCache full:https://registry.npmjs.org/@vitejs%2fdevtools cache-miss
64 http fetch GET 200 https://registry.npmjs.org/@vitejs%2fdevtools 53ms (cache miss)
65 silly packumentCache full:https://registry.npmjs.org/@vitejs%2fdevtools set size:undefined disposed:false
66 silly fetch manifest @vitejs/devtools-oxc@^0.7.6
67 silly packumentCache full:https://registry.npmjs.org/@vitejs%2fdevtools-oxc cache-miss
68 http fetch GET 200 https://registry.npmjs.org/@vitejs%2fdevtools-oxc 37ms (cache miss)
69 silly packumentCache full:https://registry.npmjs.org/@vitejs%2fdevtools-oxc set size:undefined disposed:false
70 silly fetch manifest @vitejs/devtools-rolldown@^0.7.6
71 silly packumentCache full:https://registry.npmjs.org/@vitejs%2fdevtools-rolldown cache-miss
72 http fetch GET 200 https://registry.npmjs.org/@vitejs%2fdevtools-rolldown 58ms (cache miss)
73 silly packumentCache full:https://registry.npmjs.org/@vitejs%2fdevtools-rolldown set size:undefined disposed:false
74 silly fetch manifest @vitejs/devtools-vite@^0.7.6
75 silly packumentCache full:https://registry.npmjs.org/@vitejs%2fdevtools-vite cache-miss
76 http fetch GET 200 https://registry.npmjs.org/@vitejs%2fdevtools-vite 116ms (cache miss)
77 silly packumentCache full:https://registry.npmjs.org/@vitejs%2fdevtools-vite set size:undefined disposed:false
78 silly fetch manifest @vitejs/devtools-vitest@^0.7.6
79 silly packumentCache full:https://registry.npmjs.org/@vitejs%2fdevtools-vitest cache-miss
80 http fetch GET 200 https://registry.npmjs.org/@vitejs%2fdevtools-vitest 59ms (cache miss)
81 silly packumentCache full:https://registry.npmjs.org/@vitejs%2fdevtools-vitest set size:undefined disposed:false
82 silly fetch manifest vitest@*
83 silly packumentCache full:https://registry.npmjs.org/vitest cache-miss
84 http fetch GET 200 https://registry.npmjs.org/vitest 100ms (cache miss)
85 silly packumentCache full:https://registry.npmjs.org/vitest set size:undefined disposed:false
86 silly fetch manifest @edge-runtime/vm@*
87 silly packumentCache full:https://registry.npmjs.org/@edge-runtime%2fvm cache-miss
88 http fetch GET 200 https://registry.npmjs.org/@edge-runtime%2fvm 67ms (cache miss)
89 silly packumentCache full:https://registry.npmjs.org/@edge-runtime%2fvm set size:undefined disposed:false
90 silly fetch manifest @opentelemetry/api@^1.9.0
91 silly packumentCache full:https://registry.npmjs.org/@opentelemetry%2fapi cache-miss
92 http cache https://registry.npmjs.org/@opentelemetry%2fapi 9ms (cache hit)
93 silly packumentCache full:https://registry.npmjs.org/@opentelemetry%2fapi set size:272967 disposed:false
94 silly fetch manifest @vitest/browser-playwright@5.0.2
95 silly packumentCache full:https://registry.npmjs.org/@vitest%2fbrowser-playwright cache-miss
96 http fetch GET 200 https://registry.npmjs.org/@vitest%2fbrowser-playwright 40ms (cache miss)
97 silly packumentCache full:https://registry.npmjs.org/@vitest%2fbrowser-playwright set size:undefined disposed:false
98 silly fetch manifest playwright@*
99 silly packumentCache full:https://registry.npmjs.org/playwright cache-miss
100 http fetch GET 200 https://registry.npmjs.org/playwright 443ms (cache miss)
101 silly packumentCache full:https://registry.npmjs.org/playwright set size:undefined disposed:false
102 silly fetch manifest @vitest/browser-preview@5.0.2
103 silly packumentCache full:https://registry.npmjs.org/@vitest%2fbrowser-preview cache-miss
104 http fetch GET 200 https://registry.npmjs.org/@vitest%2fbrowser-preview 52ms (cache miss)
105 silly packumentCache full:https://registry.npmjs.org/@vitest%2fbrowser-preview set size:undefined disposed:false
106 silly fetch manifest @vitest/browser-webdriverio@^5.0.0-beta.5 || >=5.0.0
107 silly packumentCache full:https://registry.npmjs.org/@vitest%2fbrowser-webdriverio cache-miss
108 http fetch GET 200 https://registry.npmjs.org/@vitest%2fbrowser-webdriverio 42ms (cache miss)
109 silly packumentCache full:https://registry.npmjs.org/@vitest%2fbrowser-webdriverio set size:undefined disposed:false
110 silly fetch manifest webdriverio@*
111 silly packumentCache full:https://registry.npmjs.org/webdriverio cache-miss
112 http fetch GET 200 https://registry.npmjs.org/webdriverio 104ms (cache miss)
113 silly packumentCache full:https://registry.npmjs.org/webdriverio set size:undefined disposed:false
114 silly fetch manifest puppeteer-core@>=22.x <=24.x
115 silly packumentCache full:https://registry.npmjs.org/puppeteer-core cache-miss
116 http fetch GET 200 https://registry.npmjs.org/puppeteer-core 71ms (cache miss)
117 silly packumentCache full:https://registry.npmjs.org/puppeteer-core set size:undefined disposed:false
118 silly fetch manifest @vitest/coverage-istanbul@5.0.2
119 silly packumentCache full:https://registry.npmjs.org/@vitest%2fcoverage-istanbul cache-miss
120 http fetch GET 200 https://registry.npmjs.org/@vitest%2fcoverage-istanbul 63ms (cache miss)
121 silly packumentCache full:https://registry.npmjs.org/@vitest%2fcoverage-istanbul set size:undefined disposed:false
122 silly fetch manifest @vitest/coverage-v8@5.0.2
123 silly packumentCache full:https://registry.npmjs.org/@vitest%2fcoverage-v8 cache-miss
124 http fetch GET 200 https://registry.npmjs.org/@vitest%2fcoverage-v8 81ms (cache miss)
125 silly packumentCache full:https://registry.npmjs.org/@vitest%2fcoverage-v8 set size:undefined disposed:false
126 silly fetch manifest @vitest/browser@5.0.2
127 silly packumentCache full:https://registry.npmjs.org/@vitest%2fbrowser cache-miss
128 http fetch GET 200 https://registry.npmjs.org/@vitest%2fbrowser 61ms (cache miss)
129 silly packumentCache full:https://registry.npmjs.org/@vitest%2fbrowser set size:undefined disposed:false
130 silly fetch manifest @vitest/ui@5.0.2
131 silly packumentCache full:https://registry.npmjs.org/@vitest%2fui cache-miss
132 http fetch GET 200 https://registry.npmjs.org/@vitest%2fui 103ms (cache miss)
133 silly packumentCache full:https://registry.npmjs.org/@vitest%2fui set size:undefined disposed:false
134 silly fetch manifest happy-dom@*
135 silly packumentCache full:https://registry.npmjs.org/happy-dom cache-miss
136 http fetch GET 200 https://registry.npmjs.org/happy-dom 104ms (cache miss)
137 silly packumentCache full:https://registry.npmjs.org/happy-dom set size:undefined disposed:false
138 silly fetch manifest jsdom@*
139 silly packumentCache full:https://registry.npmjs.org/jsdom cache-miss
140 http fetch GET 200 https://registry.npmjs.org/jsdom 54ms (cache miss)
141 silly packumentCache full:https://registry.npmjs.org/jsdom set size:undefined disposed:false
142 silly fetch manifest canvas@^3.2.3
143 silly packumentCache full:https://registry.npmjs.org/canvas cache-miss
144 http fetch GET 200 https://registry.npmjs.org/canvas 38ms (cache miss)
145 silly packumentCache full:https://registry.npmjs.org/canvas set size:undefined disposed:false
146 silly fetch manifest esbuild@^0.27.0 || ^0.28.0
147 silly packumentCache full:https://registry.npmjs.org/esbuild cache-miss
148 http fetch GET 200 https://registry.npmjs.org/esbuild 78ms (cache miss)
149 silly packumentCache full:https://registry.npmjs.org/esbuild set size:undefined disposed:false
150 silly fetch manifest jiti@>=1.21.0
151 silly packumentCache full:https://registry.npmjs.org/jiti cache-miss
152 http fetch GET 200 https://registry.npmjs.org/jiti 39ms (cache miss)
153 silly packumentCache full:https://registry.npmjs.org/jiti set size:undefined disposed:false
154 silly fetch manifest less@^4.0.0
155 silly packumentCache full:https://registry.npmjs.org/less cache-miss
156 http fetch GET 200 https://registry.npmjs.org/less 53ms (cache miss)
157 silly packumentCache full:https://registry.npmjs.org/less set size:undefined disposed:false
158 silly fetch manifest sass@^1.70.0
159 silly packumentCache full:https://registry.npmjs.org/sass cache-miss
160 http fetch GET 200 https://registry.npmjs.org/sass 56ms (cache miss)
161 silly packumentCache full:https://registry.npmjs.org/sass set size:undefined disposed:false
162 silly fetch manifest sass-embedded@^1.70.0
163 silly packumentCache full:https://registry.npmjs.org/sass-embedded cache-miss
164 http fetch GET 200 https://registry.npmjs.org/sass-embedded 41ms (cache miss)
165 silly packumentCache full:https://registry.npmjs.org/sass-embedded set size:undefined disposed:false
166 silly fetch manifest stylus@>=0.54.8
167 silly packumentCache full:https://registry.npmjs.org/stylus cache-miss
168 http fetch GET 200 https://registry.npmjs.org/stylus 37ms (cache miss)
169 silly packumentCache full:https://registry.npmjs.org/stylus set size:undefined disposed:false
170 silly fetch manifest sugarss@^5.0.0
171 silly packumentCache full:https://registry.npmjs.org/sugarss cache-miss
172 http fetch GET 200 https://registry.npmjs.org/sugarss 36ms (cache miss)
173 silly packumentCache full:https://registry.npmjs.org/sugarss set size:undefined disposed:false
174 silly fetch manifest postcss@^8.3.3
175 silly packumentCache full:https://registry.npmjs.org/postcss cache-miss
176 http fetch GET 200 https://registry.npmjs.org/postcss 53ms (cache miss)
177 silly packumentCache full:https://registry.npmjs.org/postcss set size:undefined disposed:false
178 silly fetch manifest terser@^5.16.0
179 silly packumentCache full:https://registry.npmjs.org/terser cache-miss
180 http fetch GET 200 https://registry.npmjs.org/terser 55ms (cache miss)
181 silly packumentCache full:https://registry.npmjs.org/terser set size:undefined disposed:false
182 silly fetch manifest tsx@^4.8.1
183 silly packumentCache full:https://registry.npmjs.org/tsx cache-miss
184 http fetch GET 200 https://registry.npmjs.org/tsx 35ms (cache miss)
185 silly packumentCache full:https://registry.npmjs.org/tsx set size:undefined disposed:false
186 silly fetch manifest yaml@^2.4.2
187 silly packumentCache full:https://registry.npmjs.org/yaml cache-miss
188 http fetch GET 200 https://registry.npmjs.org/yaml 38ms (cache miss)
189 silly packumentCache full:https://registry.npmjs.org/yaml set size:undefined disposed:false
190 silly fetch manifest @tanstack/router-plugin@^1.168.23
191 silly packumentCache full:https://registry.npmjs.org/@tanstack%2frouter-plugin cache-miss
192 http fetch GET 200 https://registry.npmjs.org/@tanstack%2frouter-plugin 120ms (cache miss)
193 silly packumentCache full:https://registry.npmjs.org/@tanstack%2frouter-plugin set size:undefined disposed:false
194 silly fetch manifest @rsbuild/core@>=1.0.2 || ^2.0.0
195 silly packumentCache full:https://registry.npmjs.org/@rsbuild%2fcore cache-miss
196 http fetch GET 200 https://registry.npmjs.org/@rsbuild%2fcore 77ms (cache miss)
197 silly packumentCache full:https://registry.npmjs.org/@rsbuild%2fcore set size:undefined disposed:false
198 silly fetch manifest core-js@>= 3.0.0
199 silly packumentCache full:https://registry.npmjs.org/core-js cache-miss
200 http fetch GET 200 https://registry.npmjs.org/core-js 60ms (cache miss)
201 silly packumentCache full:https://registry.npmjs.org/core-js set size:undefined disposed:false
202 silly fetch manifest vite-plugin-solid@^2.11.10 || ^3.0.0-0
203 silly packumentCache full:https://registry.npmjs.org/vite-plugin-solid cache-miss
204 http fetch GET 200 https://registry.npmjs.org/vite-plugin-solid 42ms (cache miss)
205 silly packumentCache full:https://registry.npmjs.org/vite-plugin-solid set size:undefined disposed:false
206 silly fetch manifest @testing-library/jest-dom@^5.16.6 || ^5.17.0 || ^6.0.0 || ^7.0.0
207 silly packumentCache full:https://registry.npmjs.org/@testing-library%2fjest-dom cache-miss
208 http fetch GET 200 https://registry.npmjs.org/@testing-library%2fjest-dom 50ms (cache miss)
209 silly packumentCache full:https://registry.npmjs.org/@testing-library%2fjest-dom set size:undefined disposed:false
210 silly fetch manifest @testing-library/dom@>=10 <11
211 silly packumentCache full:https://registry.npmjs.org/@testing-library%2fdom cache-miss
212 http fetch GET 200 https://registry.npmjs.org/@testing-library%2fdom 84ms (cache miss)
213 silly packumentCache full:https://registry.npmjs.org/@testing-library%2fdom set size:undefined disposed:false
214 silly fetch manifest solid-js@^1.7.2
215 silly packumentCache full:https://registry.npmjs.org/solid-js cache-miss
216 http fetch GET 200 https://registry.npmjs.org/solid-js 74ms (cache miss)
217 silly packumentCache full:https://registry.npmjs.org/solid-js set size:undefined disposed:false
218 silly fetch manifest webpack@>=5.92.0
219 silly packumentCache full:https://registry.npmjs.org/webpack cache-miss
220 http fetch GET 200 https://registry.npmjs.org/webpack 123ms (cache miss)
221 silly packumentCache full:https://registry.npmjs.org/webpack set size:undefined disposed:false
222 silly fetch manifest @types/react@^19.2.17
223 silly packumentCache full:https://registry.npmjs.org/@types%2freact cache-miss
224 http fetch GET 200 https://registry.npmjs.org/@types%2freact 90ms (cache miss)
225 silly packumentCache full:https://registry.npmjs.org/@types%2freact set size:undefined disposed:false
226 silly fetch manifest @types/react-dom@^19.2.3
227 silly packumentCache full:https://registry.npmjs.org/@types%2freact-dom cache-miss
228 http fetch GET 200 https://registry.npmjs.org/@types%2freact-dom 45ms (cache miss)
229 silly packumentCache full:https://registry.npmjs.org/@types%2freact-dom set size:undefined disposed:false
230 silly fetch manifest @vitejs/plugin-react@^5.2.0
231 silly packumentCache full:https://registry.npmjs.org/@vitejs%2fplugin-react cache-miss
232 http fetch GET 200 https://registry.npmjs.org/@vitejs%2fplugin-react 47ms (cache miss)
233 silly packumentCache full:https://registry.npmjs.org/@vitejs%2fplugin-react set size:undefined disposed:false
234 silly fetch manifest tailwindcss@^4.3.3
235 silly packumentCache full:https://registry.npmjs.org/tailwindcss cache-miss
236 http fetch GET 200 https://registry.npmjs.org/tailwindcss 198ms (cache miss)
237 silly packumentCache full:https://registry.npmjs.org/tailwindcss set size:undefined disposed:false
238 silly fetch manifest typescript@^5.9.3
239 silly packumentCache full:https://registry.npmjs.org/typescript cache-miss
240 http fetch GET 200 https://registry.npmjs.org/typescript 334ms (cache miss)
241 silly packumentCache full:https://registry.npmjs.org/typescript set size:undefined disposed:false
242 silly placeDep ROOT @supabase/supabase-js@2.117.2 OK for: app@0.0.0 want: ^2.58.0
243 silly placeDep ROOT @tailwindcss/vite@4.3.3 OK for: app@0.0.0 want: ^4.3.3
244 silly placeDep ROOT vite@8.3.1 OK for: @tailwindcss/vite@4.3.3 want: ^5.2.0 || ^6 || ^7 || ^8
245 silly placeDep ROOT @tanstack/react-router@1.170.40 OK for: app@0.0.0 want: ^1.170.18
246 silly placeDep ROOT react@19.3.0 OK for: @tanstack/react-router@1.170.40 want: >=18.0.0 || >=19.0.0
247 silly placeDep ROOT react-dom@19.3.0 OK for: @tanstack/react-router@1.170.40 want: >=18.0.0 || >=19.0.0
248 silly placeDep ROOT @tanstack/router-plugin@1.168.41 OK for: app@0.0.0 want: ^1.168.23
249 silly placeDep ROOT @types/react@19.3.0 OK for: app@0.0.0 want: ^19.2.17
250 silly placeDep ROOT @types/react-dom@19.3.0 OK for: app@0.0.0 want: ^19.2.3
251 silly placeDep ROOT @vitejs/plugin-react@5.2.0 OK for: app@0.0.0 want: ^5.2.0
252 silly placeDep ROOT framer-motion@11.18.2 OK for: app@0.0.0 want: ^11.15.0
253 silly placeDep ROOT lucide-react@0.468.0 OK for: app@0.0.0 want: ^0.468.0
254 silly placeDep ROOT recharts@2.15.4 OK for: app@0.0.0 want: ^2.15.0
255 silly placeDep ROOT tailwindcss@4.3.3 OK for: app@0.0.0 want: ^4.3.3
256 silly placeDep ROOT typescript@5.9.3 OK for: app@0.0.0 want: ^5.9.3
257 silly fetch manifest @supabase/auth-js@2.117.2
258 silly packumentCache full:https://registry.npmjs.org/@supabase%2fauth-js cache-miss
259 silly fetch manifest @supabase/storage-js@2.117.2
260 silly packumentCache full:https://registry.npmjs.org/@supabase%2fstorage-js cache-miss
261 silly fetch manifest @supabase/realtime-js@2.117.2
262 silly packumentCache full:https://registry.npmjs.org/@supabase%2frealtime-js cache-miss
263 silly fetch manifest @supabase/functions-js@2.117.2
264 silly packumentCache full:https://registry.npmjs.org/@supabase%2ffunctions-js cache-miss
265 silly fetch manifest @supabase/postgrest-js@2.117.2
266 silly packumentCache full:https://registry.npmjs.org/@supabase%2fpostgrest-js cache-miss
267 silly fetch manifest tailwindcss@4.3.3
268 silly packumentCache full:https://registry.npmjs.org/tailwindcss cache-miss
269 silly fetch manifest @tailwindcss/node@4.3.3
270 silly packumentCache full:https://registry.npmjs.org/@tailwindcss%2fnode cache-miss
271 http cache https://registry.npmjs.org/tailwindcss 61ms (cache hit)
272 silly packumentCache full:https://registry.npmjs.org/tailwindcss set size:10893093 disposed:false
273 silly fetch manifest @tailwindcss/oxide@4.3.3
274 silly packumentCache full:https://registry.npmjs.org/@tailwindcss%2foxide cache-miss
275 http fetch GET 200 https://registry.npmjs.org/@supabase%2fauth-js 207ms (cache miss)
276 silly packumentCache full:https://registry.npmjs.org/@supabase%2fauth-js set size:undefined disposed:false
277 silly fetch manifest postcss@^8.5.28
278 silly packumentCache full:https://registry.npmjs.org/postcss cache-miss
279 http fetch GET 200 https://registry.npmjs.org/@supabase%2fstorage-js 219ms (cache miss)
280 silly packumentCache full:https://registry.npmjs.org/@supabase%2fstorage-js set size:undefined disposed:false
281 silly fetch manifest rolldown@~1.2.9
282 silly packumentCache full:https://registry.npmjs.org/rolldown cache-miss
283 http cache https://registry.npmjs.org/postcss 33ms (cache hit)
284 silly packumentCache full:https://registry.npmjs.org/postcss set size:766699 disposed:false
285 silly fetch manifest picomatch@^4.0.7
286 silly packumentCache full:https://registry.npmjs.org/picomatch cache-miss
287 http fetch GET 200 https://registry.npmjs.org/@supabase%2frealtime-js 275ms (cache miss)
288 silly packumentCache full:https://registry.npmjs.org/@supabase%2frealtime-js set size:undefined disposed:false
289 silly fetch manifest tinyglobby@^0.2.17
290 silly packumentCache full:https://registry.npmjs.org/tinyglobby cache-miss
291 http fetch GET 200 https://registry.npmjs.org/@supabase%2fpostgrest-js 292ms (cache miss)
292 silly packumentCache full:https://registry.npmjs.org/@supabase%2fpostgrest-js set size:undefined disposed:false
293 silly fetch manifest lightningcss@^1.33.0
294 silly packumentCache full:https://registry.npmjs.org/lightningcss cache-miss
295 http fetch GET 200 https://registry.npmjs.org/@tailwindcss%2fnode 307ms (cache miss)
296 silly packumentCache full:https://registry.npmjs.org/@tailwindcss%2fnode set size:undefined disposed:false
297 silly fetch manifest fsevents@~2.3.3
298 silly packumentCache full:https://registry.npmjs.org/fsevents cache-miss
299 http fetch GET 200 https://registry.npmjs.org/tinyglobby 44ms (cache miss)
300 silly packumentCache full:https://registry.npmjs.org/tinyglobby set size:undefined disposed:false
301 silly fetch manifest isbot@^5.1.22
302 silly packumentCache full:https://registry.npmjs.org/isbot cache-miss
303 http fetch GET 200 https://registry.npmjs.org/picomatch 77ms (cache miss)
304 silly packumentCache full:https://registry.npmjs.org/picomatch set size:undefined disposed:false
305 silly fetch manifest @tanstack/history@1.162.4
306 silly packumentCache full:https://registry.npmjs.org/@tanstack%2fhistory cache-miss
307 http fetch GET 200 https://registry.npmjs.org/lightningcss 41ms (cache miss)
308 silly packumentCache full:https://registry.npmjs.org/lightningcss set size:undefined disposed:false
309 silly fetch manifest @tanstack/react-store@^0.11.0
310 silly packumentCache full:https://registry.npmjs.org/@tanstack%2freact-store cache-miss
311 http fetch GET 200 https://registry.npmjs.org/@supabase%2ffunctions-js 353ms (cache miss)
312 silly packumentCache full:https://registry.npmjs.org/@supabase%2ffunctions-js set size:undefined disposed:false
313 silly fetch manifest @tanstack/router-core@1.171.33
314 silly packumentCache full:https://registry.npmjs.org/@tanstack%2frouter-core cache-miss
315 http fetch GET 200 https://registry.npmjs.org/fsevents 64ms (cache miss)
316 silly packumentCache full:https://registry.npmjs.org/fsevents set size:undefined disposed:false
317 silly fetch manifest scheduler@^0.28.0
318 silly packumentCache full:https://registry.npmjs.org/scheduler cache-miss
319 http fetch GET 200 https://registry.npmjs.org/@tanstack%2freact-store 59ms (cache miss)
320 silly packumentCache full:https://registry.npmjs.org/@tanstack%2freact-store set size:undefined disposed:false
321 silly fetch manifest zod@^4.5.4
322 silly packumentCache full:https://registry.npmjs.org/zod cache-miss
323 http fetch GET 200 https://registry.npmjs.org/isbot 86ms (cache miss)
324 silly packumentCache full:https://registry.npmjs.org/isbot set size:undefined disposed:false
325 silly fetch manifest chokidar@^5.0.0
326 silly packumentCache full:https://registry.npmjs.org/chokidar cache-miss
327 http fetch GET 200 https://registry.npmjs.org/rolldown 229ms (cache miss)
328 silly packumentCache full:https://registry.npmjs.org/rolldown set size:undefined disposed:false
329 silly fetch manifest unplugin@^3.3.0
330 silly packumentCache full:https://registry.npmjs.org/unplugin cache-miss
331 http fetch GET 200 https://registry.npmjs.org/@tailwindcss%2foxide 368ms (cache miss)
332 silly packumentCache full:https://registry.npmjs.org/@tailwindcss%2foxide set size:undefined disposed:false
333 silly fetch manifest @babel/core@^7.29.7
334 silly packumentCache full:https://registry.npmjs.org/@babel%2fcore cache-miss
335 http fetch GET 200 https://registry.npmjs.org/chokidar 131ms (cache miss)
336 silly packumentCache full:https://registry.npmjs.org/chokidar set size:undefined disposed:false
337 silly fetch manifest @babel/types@^7.29.8
338 silly packumentCache full:https://registry.npmjs.org/@babel%2ftypes cache-miss
339 http fetch GET 200 https://registry.npmjs.org/unplugin 93ms (cache miss)
340 silly packumentCache full:https://registry.npmjs.org/unplugin set size:undefined disposed:false
341 silly fetch manifest @babel/template@^7.29.7
342 silly packumentCache full:https://registry.npmjs.org/@babel%2ftemplate cache-miss
343 http fetch GET 200 https://registry.npmjs.org/@babel%2ftemplate 49ms (cache miss)
344 silly packumentCache full:https://registry.npmjs.org/@babel%2ftemplate set size:undefined disposed:false
345 silly fetch manifest @tanstack/router-core@1.171.33
346 silly packumentCache full:https://registry.npmjs.org/@tanstack%2frouter-core cache-miss
347 http fetch GET 200 https://registry.npmjs.org/@babel%2ftypes 80ms (cache miss)
348 silly packumentCache full:https://registry.npmjs.org/@babel%2ftypes set size:undefined disposed:false
349 silly fetch manifest @tanstack/router-utils@1.162.3
350 silly packumentCache full:https://registry.npmjs.org/@tanstack%2frouter-utils cache-miss
351 http fetch GET 200 https://registry.npmjs.org/@babel%2fcore 108ms (cache miss)
352 silly packumentCache full:https://registry.npmjs.org/@babel%2fcore set size:undefined disposed:false
353 silly fetch manifest @tanstack/router-generator@1.167.39
354 silly packumentCache full:https://registry.npmjs.org/@tanstack%2frouter-generator cache-miss
355 http fetch GET 200 https://registry.npmjs.org/zod 261ms (cache miss)
356 silly packumentCache full:https://registry.npmjs.org/zod set size:undefined disposed:false
357 silly fetch manifest csstype@^3.2.2
358 silly packumentCache full:https://registry.npmjs.org/csstype cache-miss
359 http fetch GET 200 https://registry.npmjs.org/scheduler 318ms (cache miss)
360 silly packumentCache full:https://registry.npmjs.org/scheduler set size:undefined disposed:false
361 silly fetch manifest @babel/core@^7.29.0
362 silly packumentCache full:https://registry.npmjs.org/@babel%2fcore cache-miss
363 http cache https://registry.npmjs.org/@babel%2fcore 9ms (cache hit)
364 silly packumentCache full:https://registry.npmjs.org/@babel%2fcore set size:797193 disposed:false
365 silly fetch manifest react-refresh@^0.18.0
366 silly packumentCache full:https://registry.npmjs.org/react-refresh cache-miss
367 http fetch GET 200 https://registry.npmjs.org/@tanstack%2frouter-utils 97ms (cache miss)
368 silly packumentCache full:https://registry.npmjs.org/@tanstack%2frouter-utils set size:undefined disposed:false
369 silly fetch manifest @types/babel__core@^7.20.5
370 silly packumentCache full:https://registry.npmjs.org/@types%2fbabel__core cache-miss
371 http fetch GET 200 https://registry.npmjs.org/csstype 61ms (cache miss)
372 silly packumentCache full:https://registry.npmjs.org/csstype set size:undefined disposed:false
373 silly fetch manifest @rolldown/pluginutils@1.0.0-rc.3
374 silly packumentCache full:https://registry.npmjs.org/@rolldown%2fpluginutils cache-miss
375 http fetch GET 200 https://registry.npmjs.org/@types%2fbabel__core 44ms (cache miss)
376 silly packumentCache full:https://registry.npmjs.org/@types%2fbabel__core set size:undefined disposed:false
377 silly fetch manifest @babel/plugin-transform-react-jsx-self@^7.27.1
378 silly packumentCache full:https://registry.npmjs.org/@babel%2fplugin-transform-react-jsx-self cache-miss
379 http fetch GET 200 https://registry.npmjs.org/@tanstack%2fhistory 466ms (cache miss)
380 silly packumentCache full:https://registry.npmjs.org/@tanstack%2fhistory set size:undefined disposed:false
381 silly fetch manifest @babel/plugin-transform-react-jsx-source@^7.27.1
382 silly packumentCache full:https://registry.npmjs.org/@babel%2fplugin-transform-react-jsx-source cache-miss
383 http fetch GET 200 https://registry.npmjs.org/@babel%2fplugin-transform-react-jsx-self 37ms (cache miss)
384 silly packumentCache full:https://registry.npmjs.org/@babel%2fplugin-transform-react-jsx-self set size:undefined disposed:false
385 silly fetch manifest tslib@^2.4.0
386 silly packumentCache full:https://registry.npmjs.org/tslib cache-miss
387 http fetch GET 200 https://registry.npmjs.org/@babel%2fplugin-transform-react-jsx-source 41ms (cache miss)
388 silly packumentCache full:https://registry.npmjs.org/@babel%2fplugin-transform-react-jsx-source set size:undefined disposed:false
389 silly fetch manifest motion-dom@^11.18.1
390 silly packumentCache full:https://registry.npmjs.org/motion-dom cache-miss
391 http fetch GET 200 https://registry.npmjs.org/@rolldown%2fpluginutils 95ms (cache miss)
392 silly packumentCache full:https://registry.npmjs.org/@rolldown%2fpluginutils set size:undefined disposed:false
393 silly fetch manifest motion-utils@^11.18.1
394 silly packumentCache full:https://registry.npmjs.org/motion-utils cache-miss
395 http fetch GET 200 https://registry.npmjs.org/tslib 32ms (cache miss)
396 silly packumentCache full:https://registry.npmjs.org/tslib set size:undefined disposed:false
397 silly fetch manifest clsx@^2.0.0
398 silly packumentCache full:https://registry.npmjs.org/clsx cache-miss
399 http fetch GET 200 https://registry.npmjs.org/motion-dom 35ms (cache miss)
400 silly packumentCache full:https://registry.npmjs.org/motion-dom set size:undefined disposed:false
401 silly fetch manifest lodash@^4.17.21
402 silly packumentCache full:https://registry.npmjs.org/lodash cache-miss
403 http fetch GET 200 https://registry.npmjs.org/motion-utils 40ms (cache miss)
404 silly packumentCache full:https://registry.npmjs.org/motion-utils set size:undefined disposed:false
405 silly fetch manifest react-is@^18.3.1
406 silly packumentCache full:https://registry.npmjs.org/react-is cache-miss
407 http fetch GET 200 https://registry.npmjs.org/clsx 28ms (cache miss)
408 silly packumentCache full:https://registry.npmjs.org/clsx set size:undefined disposed:false
409 silly fetch manifest react-smooth@^4.0.4
410 silly packumentCache full:https://registry.npmjs.org/react-smooth cache-miss
411 http fetch GET 200 https://registry.npmjs.org/react-smooth 29ms (cache miss)
412 silly packumentCache full:https://registry.npmjs.org/react-smooth set size:undefined disposed:false
413 silly fetch manifest eventemitter3@^4.0.1
414 silly packumentCache full:https://registry.npmjs.org/eventemitter3 cache-miss
415 http fetch GET 200 https://registry.npmjs.org/lodash 48ms (cache miss)
416 silly packumentCache full:https://registry.npmjs.org/lodash set size:undefined disposed:false
417 silly fetch manifest recharts-scale@^0.4.4
418 silly packumentCache full:https://registry.npmjs.org/recharts-scale cache-miss
419 http fetch GET 200 https://registry.npmjs.org/eventemitter3 30ms (cache miss)
420 silly packumentCache full:https://registry.npmjs.org/eventemitter3 set size:undefined disposed:false
421 silly fetch manifest tiny-invariant@^1.3.1
422 silly packumentCache full:https://registry.npmjs.org/tiny-invariant cache-miss
423 http fetch GET 200 https://registry.npmjs.org/recharts-scale 35ms (cache miss)
424 silly packumentCache full:https://registry.npmjs.org/recharts-scale set size:undefined disposed:false
425 silly fetch manifest victory-vendor@^36.6.8
426 silly packumentCache full:https://registry.npmjs.org/victory-vendor cache-miss
427 http fetch GET 200 https://registry.npmjs.org/react-refresh 256ms (cache miss)
428 silly packumentCache full:https://registry.npmjs.org/react-refresh set size:undefined disposed:false
429 http fetch GET 200 https://registry.npmjs.org/tiny-invariant 129ms (cache miss)
430 silly packumentCache full:https://registry.npmjs.org/tiny-invariant set size:undefined disposed:false
431 http fetch GET 200 https://registry.npmjs.org/victory-vendor 130ms (cache miss)
432 silly packumentCache full:https://registry.npmjs.org/victory-vendor set size:undefined disposed:false
433 http fetch GET 200 https://registry.npmjs.org/@tanstack%2frouter-core 760ms (cache miss)
434 silly packumentCache full:https://registry.npmjs.org/@tanstack%2frouter-core set size:undefined disposed:false
435 http fetch GET 200 https://registry.npmjs.org/@tanstack%2frouter-core 503ms (cache miss)
436 silly packumentCache full:https://registry.npmjs.org/@tanstack%2frouter-core set size:undefined disposed:false
437 http fetch GET 200 https://registry.npmjs.org/react-is 286ms (cache miss)
438 silly packumentCache full:https://registry.npmjs.org/react-is set size:undefined disposed:false
439 http fetch GET 200 https://registry.npmjs.org/@tanstack%2frouter-generator 589ms (cache miss)
440 silly packumentCache full:https://registry.npmjs.org/@tanstack%2frouter-generator set size:undefined disposed:false
441 silly placeDep ROOT @supabase/auth-js@2.117.2 OK for: @supabase/supabase-js@2.117.2 want: 2.117.2
442 silly placeDep ROOT @supabase/functions-js@2.117.2 OK for: @supabase/supabase-js@2.117.2 want: 2.117.2
443 silly placeDep ROOT @supabase/postgrest-js@2.117.2 OK for: @supabase/supabase-js@2.117.2 want: 2.117.2
444 silly placeDep ROOT @supabase/realtime-js@2.117.2 OK for: @supabase/supabase-js@2.117.2 want: 2.117.2
445 silly placeDep ROOT @supabase/storage-js@2.117.2 OK for: @supabase/supabase-js@2.117.2 want: 2.117.2
446 silly fetch manifest tslib@2.8.1
447 silly packumentCache full:https://registry.npmjs.org/tslib cache-miss
448 silly fetch manifest tslib@2.8.1
449 silly packumentCache full:https://registry.npmjs.org/tslib cache-miss
450 silly fetch manifest tslib@2.8.1
451 silly packumentCache full:https://registry.npmjs.org/tslib cache-miss
452 silly fetch manifest tslib@2.8.1
453 silly packumentCache full:https://registry.npmjs.org/tslib cache-miss
454 silly fetch manifest @supabase/phoenix@0.4.5
455 silly packumentCache full:https://registry.npmjs.org/@supabase%2fphoenix cache-miss
456 silly fetch manifest tslib@2.8.1
457 silly packumentCache full:https://registry.npmjs.org/tslib cache-miss
458 silly fetch manifest iceberg-js@^0.8.1
459 silly packumentCache full:https://registry.npmjs.org/iceberg-js cache-miss
460 http cache https://registry.npmjs.org/tslib 11ms (cache hit)
461 silly packumentCache full:https://registry.npmjs.org/tslib set size:108843 disposed:false
462 http cache https://registry.npmjs.org/tslib 13ms (cache hit)
463 silly packumentCache full:https://registry.npmjs.org/tslib set size:108843 disposed:false
464 silly packumentCache full:https://registry.npmjs.org/tslib dispose
465 http cache https://registry.npmjs.org/tslib 14ms (cache hit)
466 silly packumentCache full:https://registry.npmjs.org/tslib set size:108843 disposed:true
467 silly packumentCache full:https://registry.npmjs.org/tslib dispose
468 http cache https://registry.npmjs.org/tslib 16ms (cache hit)
469 silly packumentCache full:https://registry.npmjs.org/tslib set size:108843 disposed:true
470 silly packumentCache full:https://registry.npmjs.org/tslib dispose
471 http cache https://registry.npmjs.org/tslib 16ms (cache hit)
472 silly packumentCache full:https://registry.npmjs.org/tslib set size:108843 disposed:true
473 silly packumentCache full:https://registry.npmjs.org/tslib dispose
474 http fetch GET 200 https://registry.npmjs.org/iceberg-js 24ms (cache miss)
475 silly packumentCache full:https://registry.npmjs.org/iceberg-js set size:undefined disposed:false
476 http fetch GET 200 https://registry.npmjs.org/@supabase%2fphoenix 39ms (cache miss)
477 silly packumentCache full:https://registry.npmjs.org/@supabase%2fphoenix set size:undefined disposed:false
478 silly placeDep ROOT tslib@2.8.1 OK for: @supabase/auth-js@2.117.2 want: 2.8.1
479 silly placeDep ROOT @supabase/phoenix@0.4.5 OK for: @supabase/realtime-js@2.117.2 want: 0.4.5
480 silly placeDep ROOT iceberg-js@0.8.1 OK for: @supabase/storage-js@2.117.2 want: ^0.8.1
481 silly placeDep ROOT @tailwindcss/node@4.3.3 OK for: @tailwindcss/vite@4.3.3 want: 4.3.3
482 silly placeDep ROOT @tailwindcss/oxide@4.3.3 OK for: @tailwindcss/vite@4.3.3 want: 4.3.3
483 silly fetch manifest jiti@^2.7.0
484 silly packumentCache full:https://registry.npmjs.org/jiti cache-miss
485 silly fetch manifest lightningcss@1.32.0
486 silly packumentCache full:https://registry.npmjs.org/lightningcss cache-miss
487 silly fetch manifest magic-string@^0.30.21
488 silly packumentCache full:https://registry.npmjs.org/magic-string cache-miss
489 silly fetch manifest source-map-js@^1.2.1
490 silly packumentCache full:https://registry.npmjs.org/source-map-js cache-miss
491 silly fetch manifest enhanced-resolve@^5.24.1
492 silly packumentCache full:https://registry.npmjs.org/enhanced-resolve cache-miss
493 silly fetch manifest @jridgewell/remapping@^2.3.5
494 silly packumentCache full:https://registry.npmjs.org/@jridgewell%2fremapping cache-miss
495 silly fetch manifest @tailwindcss/oxide-darwin-x64@4.3.3
496 silly packumentCache full:https://registry.npmjs.org/@tailwindcss%2foxide-darwin-x64 cache-miss
497 http cache https://registry.npmjs.org/jiti 14ms (cache hit)
498 silly packumentCache full:https://registry.npmjs.org/jiti set size:387989 disposed:false
499 silly fetch manifest @tailwindcss/oxide-freebsd-x64@4.3.3
500 silly packumentCache full:https://registry.npmjs.org/@tailwindcss%2foxide-freebsd-x64 cache-miss
501 http cache https://registry.npmjs.org/lightningcss 24ms (cache hit)
502 silly packumentCache full:https://registry.npmjs.org/lightningcss set size:191065 disposed:false
503 silly fetch manifest @tailwindcss/oxide-wasm32-wasi@4.3.3
504 silly packumentCache full:https://registry.npmjs.org/@tailwindcss%2foxide-wasm32-wasi cache-miss
505 http fetch GET 200 https://registry.npmjs.org/source-map-js 50ms (cache miss)
506 silly packumentCache full:https://registry.npmjs.org/source-map-js set size:undefined disposed:false
507 silly fetch manifest @tailwindcss/oxide-darwin-arm64@4.3.3
508 silly packumentCache full:https://registry.npmjs.org/@tailwindcss%2foxide-darwin-arm64 cache-miss
509 http fetch GET 200 https://registry.npmjs.org/enhanced-resolve 54ms (cache miss)
510 silly packumentCache full:https://registry.npmjs.org/enhanced-resolve set size:undefined disposed:false
511 silly fetch manifest @tailwindcss/oxide-android-arm64@4.3.3
512 silly packumentCache full:https://registry.npmjs.org/@tailwindcss%2foxide-android-arm64 cache-miss
513 http fetch GET 200 https://registry.npmjs.org/magic-string 64ms (cache miss)
514 silly packumentCache full:https://registry.npmjs.org/magic-string set size:undefined disposed:false
515 silly fetch manifest @tailwindcss/oxide-linux-x64-gnu@4.3.3
516 silly packumentCache full:https://registry.npmjs.org/@tailwindcss%2foxide-linux-x64-gnu cache-miss
517 http fetch GET 200 https://registry.npmjs.org/@jridgewell%2fremapping 80ms (cache miss)
518 silly packumentCache full:https://registry.npmjs.org/@jridgewell%2fremapping set size:undefined disposed:false
519 silly fetch manifest @tailwindcss/oxide-linux-x64-musl@4.3.3
520 silly packumentCache full:https://registry.npmjs.org/@tailwindcss%2foxide-linux-x64-musl cache-miss
521 http fetch GET 200 https://registry.npmjs.org/@tailwindcss%2foxide-wasm32-wasi 92ms (cache miss)
522 silly packumentCache full:https://registry.npmjs.org/@tailwindcss%2foxide-wasm32-wasi set size:undefined disposed:false
523 silly fetch manifest @tailwindcss/oxide-win32-x64-msvc@4.3.3
524 silly packumentCache full:https://registry.npmjs.org/@tailwindcss%2foxide-win32-x64-msvc cache-miss
525 http fetch GET 200 https://registry.npmjs.org/@tailwindcss%2foxide-freebsd-x64 125ms (cache miss)
526 silly packumentCache full:https://registry.npmjs.org/@tailwindcss%2foxide-freebsd-x64 set size:undefined disposed:false
527 silly fetch manifest @tailwindcss/oxide-linux-arm64-gnu@4.3.3
528 silly packumentCache full:https://registry.npmjs.org/@tailwindcss%2foxide-linux-arm64-gnu cache-miss
529 http fetch GET 200 https://registry.npmjs.org/@tailwindcss%2foxide-android-arm64 123ms (cache miss)
530 silly packumentCache full:https://registry.npmjs.org/@tailwindcss%2foxide-android-arm64 set size:undefined disposed:false
531 silly fetch manifest @tailwindcss/oxide-linux-arm64-musl@4.3.3
532 silly packumentCache full:https://registry.npmjs.org/@tailwindcss%2foxide-linux-arm64-musl cache-miss
533 http fetch GET 200 https://registry.npmjs.org/@tailwindcss%2foxide-darwin-x64 213ms (cache miss)
534 silly packumentCache full:https://registry.npmjs.org/@tailwindcss%2foxide-darwin-x64 set size:undefined disposed:false
535 silly fetch manifest @tailwindcss/oxide-win32-arm64-msvc@4.3.3
536 silly packumentCache full:https://registry.npmjs.org/@tailwindcss%2foxide-win32-arm64-msvc cache-miss
537 http fetch GET 200 https://registry.npmjs.org/@tailwindcss%2foxide-darwin-arm64 208ms (cache miss)
538 silly packumentCache full:https://registry.npmjs.org/@tailwindcss%2foxide-darwin-arm64 set size:undefined disposed:false
539 silly fetch manifest @tailwindcss/oxide-linux-arm-gnueabihf@4.3.3
540 silly packumentCache full:https://registry.npmjs.org/@tailwindcss%2foxide-linux-arm-gnueabihf cache-miss
541 http fetch GET 200 https://registry.npmjs.org/@tailwindcss%2foxide-linux-x64-gnu 226ms (cache miss)
542 silly packumentCache full:https://registry.npmjs.org/@tailwindcss%2foxide-linux-x64-gnu set size:undefined disposed:false
543 http fetch GET 200 https://registry.npmjs.org/@tailwindcss%2foxide-linux-x64-musl 256ms (cache miss)
544 silly packumentCache full:https://registry.npmjs.org/@tailwindcss%2foxide-linux-x64-musl set size:undefined disposed:false
545 http fetch GET 200 https://registry.npmjs.org/@tailwindcss%2foxide-win32-x64-msvc 241ms (cache miss)
546 silly packumentCache full:https://registry.npmjs.org/@tailwindcss%2foxide-win32-x64-msvc set size:undefined disposed:false
547 http fetch GET 200 https://registry.npmjs.org/@tailwindcss%2foxide-linux-arm64-gnu 226ms (cache miss)
548 silly packumentCache full:https://registry.npmjs.org/@tailwindcss%2foxide-linux-arm64-gnu set size:undefined disposed:false
549 http fetch GET 200 https://registry.npmjs.org/@tailwindcss%2foxide-linux-arm64-musl 230ms (cache miss)
550 silly packumentCache full:https://registry.npmjs.org/@tailwindcss%2foxide-linux-arm64-musl set size:undefined disposed:false
551 http fetch GET 200 https://registry.npmjs.org/@tailwindcss%2foxide-win32-arm64-msvc 219ms (cache miss)
552 silly packumentCache full:https://registry.npmjs.org/@tailwindcss%2foxide-win32-arm64-msvc set size:undefined disposed:false
553 http fetch GET 200 https://registry.npmjs.org/@tailwindcss%2foxide-linux-arm-gnueabihf 194ms (cache miss)
554 silly packumentCache full:https://registry.npmjs.org/@tailwindcss%2foxide-linux-arm-gnueabihf set size:undefined disposed:false
555 silly placeDep ROOT @jridgewell/remapping@2.3.5 OK for: @tailwindcss/node@4.3.3 want: ^2.3.5
556 silly placeDep ROOT enhanced-resolve@5.26.0 OK for: @tailwindcss/node@4.3.3 want: ^5.24.1
557 silly placeDep ROOT jiti@2.7.0 OK for: @tailwindcss/node@4.3.3 want: ^2.7.0
558 silly placeDep ROOT lightningcss@1.32.0 OK for: @tailwindcss/node@4.3.3 want: 1.32.0
559 silly placeDep ROOT magic-string@0.30.21 OK for: @tailwindcss/node@4.3.3 want: ^0.30.21
560 silly placeDep ROOT source-map-js@1.2.1 OK for: @tailwindcss/node@4.3.3 want: ^1.2.1
561 silly fetch manifest @jridgewell/gen-mapping@^0.3.5
562 silly packumentCache full:https://registry.npmjs.org/@jridgewell%2fgen-mapping cache-miss
563 silly fetch manifest @jridgewell/trace-mapping@^0.3.24
564 silly packumentCache full:https://registry.npmjs.org/@jridgewell%2ftrace-mapping cache-miss
565 silly fetch manifest tapable@^2.3.3
566 silly packumentCache full:https://registry.npmjs.org/tapable cache-miss
567 silly fetch manifest graceful-fs@^4.2.4
568 silly packumentCache full:https://registry.npmjs.org/graceful-fs cache-miss
569 silly fetch manifest detect-libc@^2.0.3
570 silly packumentCache full:https://registry.npmjs.org/detect-libc cache-miss
571 silly fetch manifest lightningcss-darwin-x64@1.32.0
572 silly packumentCache full:https://registry.npmjs.org/lightningcss-darwin-x64 cache-miss
573 silly fetch manifest lightningcss-freebsd-x64@1.32.0
574 silly packumentCache full:https://registry.npmjs.org/lightningcss-freebsd-x64 cache-miss
575 http fetch GET 200 https://registry.npmjs.org/graceful-fs 30ms (cache miss)
576 silly packumentCache full:https://registry.npmjs.org/graceful-fs set size:undefined disposed:false
577 silly fetch manifest lightningcss-darwin-arm64@1.32.0
578 silly packumentCache full:https://registry.npmjs.org/lightningcss-darwin-arm64 cache-miss
579 http fetch GET 200 https://registry.npmjs.org/detect-libc 60ms (cache miss)
580 silly packumentCache full:https://registry.npmjs.org/detect-libc set size:undefined disposed:false
581 silly fetch manifest lightningcss-android-arm64@1.32.0
582 silly packumentCache full:https://registry.npmjs.org/lightningcss-android-arm64 cache-miss
583 http fetch GET 200 https://registry.npmjs.org/lightningcss-darwin-x64 65ms (cache miss)
584 silly packumentCache full:https://registry.npmjs.org/lightningcss-darwin-x64 set size:undefined disposed:false
585 silly fetch manifest lightningcss-linux-x64-gnu@1.32.0
586 silly packumentCache full:https://registry.npmjs.org/lightningcss-linux-x64-gnu cache-miss
587 http fetch GET 200 https://registry.npmjs.org/@jridgewell%2fgen-mapping 71ms (cache miss)
588 silly packumentCache full:https://registry.npmjs.org/@jridgewell%2fgen-mapping set size:undefined disposed:false
589 silly fetch manifest lightningcss-linux-x64-musl@1.32.0
590 silly packumentCache full:https://registry.npmjs.org/lightningcss-linux-x64-musl cache-miss
591 http fetch GET 200 https://registry.npmjs.org/tapable 76ms (cache miss)
592 silly packumentCache full:https://registry.npmjs.org/tapable set size:undefined disposed:false
593 silly fetch manifest lightningcss-win32-x64-msvc@1.32.0
594 silly packumentCache full:https://registry.npmjs.org/lightningcss-win32-x64-msvc cache-miss
595 http fetch GET 200 https://registry.npmjs.org/@jridgewell%2ftrace-mapping 87ms (cache miss)
596 silly packumentCache full:https://registry.npmjs.org/@jridgewell%2ftrace-mapping set size:undefined disposed:false
597 silly fetch manifest lightningcss-linux-arm64-gnu@1.32.0
598 silly packumentCache full:https://registry.npmjs.org/lightningcss-linux-arm64-gnu cache-miss
599 http fetch GET 200 https://registry.npmjs.org/lightningcss-freebsd-x64 93ms (cache miss)
600 silly packumentCache full:https://registry.npmjs.org/lightningcss-freebsd-x64 set size:undefined disposed:false
601 silly fetch manifest lightningcss-linux-arm64-musl@1.32.0
602 silly packumentCache full:https://registry.npmjs.org/lightningcss-linux-arm64-musl cache-miss
603 http fetch GET 200 https://registry.npmjs.org/lightningcss-darwin-arm64 62ms (cache miss)
604 silly packumentCache full:https://registry.npmjs.org/lightningcss-darwin-arm64 set size:undefined disposed:false
605 silly fetch manifest lightningcss-win32-arm64-msvc@1.32.0
606 silly packumentCache full:https://registry.npmjs.org/lightningcss-win32-arm64-msvc cache-miss
607 http fetch GET 200 https://registry.npmjs.org/lightningcss-android-arm64 45ms (cache miss)
608 silly packumentCache full:https://registry.npmjs.org/lightningcss-android-arm64 set size:undefined disposed:false
609 silly fetch manifest lightningcss-linux-arm-gnueabihf@1.32.0
610 silly packumentCache full:https://registry.npmjs.org/lightningcss-linux-arm-gnueabihf cache-miss
611 http fetch GET 200 https://registry.npmjs.org/lightningcss-linux-x64-musl 43ms (cache miss)
612 silly packumentCache full:https://registry.npmjs.org/lightningcss-linux-x64-musl set size:undefined disposed:false
613 silly fetch manifest @jridgewell/sourcemap-codec@^1.5.5
614 silly packumentCache full:https://registry.npmjs.org/@jridgewell%2fsourcemap-codec cache-miss
615 http fetch GET 200 https://registry.npmjs.org/lightningcss-linux-x64-gnu 52ms (cache miss)
616 silly packumentCache full:https://registry.npmjs.org/lightningcss-linux-x64-gnu set size:undefined disposed:false
617 http fetch GET 200 https://registry.npmjs.org/lightningcss-win32-x64-msvc 46ms (cache miss)
618 silly packumentCache full:https://registry.npmjs.org/lightningcss-win32-x64-msvc set size:undefined disposed:false
619 http fetch GET 200 https://registry.npmjs.org/lightningcss-win32-arm64-msvc 29ms (cache miss)
620 silly packumentCache full:https://registry.npmjs.org/lightningcss-win32-arm64-msvc set size:undefined disposed:false
621 http fetch GET 200 https://registry.npmjs.org/lightningcss-linux-arm64-musl 32ms (cache miss)
622 silly packumentCache full:https://registry.npmjs.org/lightningcss-linux-arm64-musl set size:undefined disposed:false
623 http fetch GET 200 https://registry.npmjs.org/lightningcss-linux-arm64-gnu 45ms (cache miss)
624 silly packumentCache full:https://registry.npmjs.org/lightningcss-linux-arm64-gnu set size:undefined disposed:false
625 http fetch GET 200 https://registry.npmjs.org/lightningcss-linux-arm-gnueabihf 28ms (cache miss)
626 silly packumentCache full:https://registry.npmjs.org/lightningcss-linux-arm-gnueabihf set size:undefined disposed:false
627 http fetch GET 200 https://registry.npmjs.org/@jridgewell%2fsourcemap-codec 57ms (cache miss)
628 silly packumentCache full:https://registry.npmjs.org/@jridgewell%2fsourcemap-codec set size:undefined disposed:false
629 silly placeDep ROOT @jridgewell/gen-mapping@0.3.13 OK for: @jridgewell/remapping@2.3.5 want: ^0.3.5
630 silly placeDep ROOT @jridgewell/trace-mapping@0.3.31 OK for: @jridgewell/remapping@2.3.5 want: ^0.3.24
631 silly fetch manifest @jridgewell/sourcemap-codec@^1.5.0
632 silly packumentCache full:https://registry.npmjs.org/@jridgewell%2fsourcemap-codec cache-miss
633 silly fetch manifest @jridgewell/resolve-uri@^3.1.0
634 silly packumentCache full:https://registry.npmjs.org/@jridgewell%2fresolve-uri cache-miss
635 silly fetch manifest @jridgewell/sourcemap-codec@^1.4.14
636 silly packumentCache full:https://registry.npmjs.org/@jridgewell%2fsourcemap-codec cache-miss
637 http cache https://registry.npmjs.org/@jridgewell%2fsourcemap-codec 5ms (cache hit)
638 silly packumentCache full:https://registry.npmjs.org/@jridgewell%2fsourcemap-codec set size:65255 disposed:false
639 http cache https://registry.npmjs.org/@jridgewell%2fsourcemap-codec 5ms (cache hit)
640 silly packumentCache full:https://registry.npmjs.org/@jridgewell%2fsourcemap-codec set size:65255 disposed:false
641 silly packumentCache full:https://registry.npmjs.org/@jridgewell%2fsourcemap-codec dispose
642 http fetch GET 200 https://registry.npmjs.org/@jridgewell%2fresolve-uri 47ms (cache miss)
643 silly packumentCache full:https://registry.npmjs.org/@jridgewell%2fresolve-uri set size:undefined disposed:false
644 silly placeDep ROOT @jridgewell/sourcemap-codec@1.6.0 OK for: @jridgewell/gen-mapping@0.3.13 want: ^1.5.0
645 silly placeDep ROOT @jridgewell/resolve-uri@3.1.2 OK for: @jridgewell/trace-mapping@0.3.31 want: ^3.1.0
646 silly placeDep ROOT @tailwindcss/oxide-android-arm64@4.3.3 OK for: @tailwindcss/oxide@4.3.3 want: 4.3.3
647 silly placeDep ROOT @tailwindcss/oxide-darwin-arm64@4.3.3 OK for: @tailwindcss/oxide@4.3.3 want: 4.3.3
648 silly placeDep ROOT @tailwindcss/oxide-darwin-x64@4.3.3 OK for: @tailwindcss/oxide@4.3.3 want: 4.3.3
649 silly placeDep ROOT @tailwindcss/oxide-freebsd-x64@4.3.3 OK for: @tailwindcss/oxide@4.3.3 want: 4.3.3
650 silly placeDep ROOT @tailwindcss/oxide-linux-arm-gnueabihf@4.3.3 OK for: @tailwindcss/oxide@4.3.3 want: 4.3.3
651 silly placeDep ROOT @tailwindcss/oxide-linux-arm64-gnu@4.3.3 OK for: @tailwindcss/oxide@4.3.3 want: 4.3.3
652 silly placeDep ROOT @tailwindcss/oxide-linux-arm64-musl@4.3.3 OK for: @tailwindcss/oxide@4.3.3 want: 4.3.3
653 silly placeDep ROOT @tailwindcss/oxide-linux-x64-gnu@4.3.3 OK for: @tailwindcss/oxide@4.3.3 want: 4.3.3
654 silly placeDep ROOT @tailwindcss/oxide-linux-x64-musl@4.3.3 OK for: @tailwindcss/oxide@4.3.3 want: 4.3.3
655 silly placeDep ROOT @tailwindcss/oxide-wasm32-wasi@4.3.3 OK for: @tailwindcss/oxide@4.3.3 want: 4.3.3
656 silly placeDep ROOT @tailwindcss/oxide-win32-arm64-msvc@4.3.3 OK for: @tailwindcss/oxide@4.3.3 want: 4.3.3
657 silly placeDep ROOT @tailwindcss/oxide-win32-x64-msvc@4.3.3 OK for: @tailwindcss/oxide@4.3.3 want: 4.3.3
658 silly fetch manifest react@>=18.0.0 || >=19.0.0
659 silly packumentCache full:https://registry.npmjs.org/react cache-miss
660 http cache https://registry.npmjs.org/react 36ms (cache hit)
661 silly packumentCache full:https://registry.npmjs.org/react set size:7006748 disposed:false
662 silly fetch manifest react-dom@>=18.0.0 || >=19.0.0
663 silly packumentCache full:https://registry.npmjs.org/react-dom cache-miss
664 http cache https://registry.npmjs.org/react-dom 20ms (cache hit)
665 silly packumentCache full:https://registry.npmjs.org/react-dom set size:9440025 disposed:false
666 silly placeDep ROOT @tanstack/history@1.162.4 OK for: @tanstack/react-router@1.170.40 want: 1.162.4
667 silly placeDep ROOT @tanstack/react-store@0.11.2 OK for: @tanstack/react-router@1.170.40 want: ^0.11.0
668 silly placeDep ROOT @tanstack/router-core@1.171.33 OK for: @tanstack/react-router@1.170.40 want: 1.171.33
669 silly placeDep ROOT isbot@5.2.2 OK for: @tanstack/react-router@1.170.40 want: ^5.1.22
670 silly fetch manifest @tanstack/store@0.11.2
671 silly packumentCache full:https://registry.npmjs.org/@tanstack%2fstore cache-miss
672 silly fetch manifest use-sync-external-store@^1.6.0
673 silly packumentCache full:https://registry.npmjs.org/use-sync-external-store cache-miss
674 silly fetch manifest seroval@^1.6.7
675 silly packumentCache full:https://registry.npmjs.org/seroval cache-miss
676 silly fetch manifest cookie-es@^3.0.0
677 silly packumentCache full:https://registry.npmjs.org/cookie-es cache-miss
678 silly fetch manifest seroval-plugins@^1.6.7
679 silly packumentCache full:https://registry.npmjs.org/seroval-plugins cache-miss
680 http fetch GET 200 https://registry.npmjs.org/@tanstack%2fstore 40ms (cache miss)
681 silly packumentCache full:https://registry.npmjs.org/@tanstack%2fstore set size:undefined disposed:false
682 http fetch GET 200 https://registry.npmjs.org/cookie-es 44ms (cache miss)
683 silly packumentCache full:https://registry.npmjs.org/cookie-es set size:undefined disposed:false
684 http fetch GET 200 https://registry.npmjs.org/seroval 45ms (cache miss)
685 silly packumentCache full:https://registry.npmjs.org/seroval set size:undefined disposed:false
686 http fetch GET 200 https://registry.npmjs.org/use-sync-external-store 169ms (cache miss)
687 silly packumentCache full:https://registry.npmjs.org/use-sync-external-store set size:undefined disposed:false
688 http fetch GET 200 https://registry.npmjs.org/seroval-plugins 221ms (cache miss)
689 silly packumentCache full:https://registry.npmjs.org/seroval-plugins set size:undefined disposed:false
690 silly fetch manifest react@^16.8.0 || ^17.0.0 || ^18.0.0 || ^19.0.0
691 silly packumentCache full:https://registry.npmjs.org/react cache-miss
692 http cache https://registry.npmjs.org/react 19ms (cache hit)
693 silly packumentCache full:https://registry.npmjs.org/react set size:7006748 disposed:false
694 silly placeDep ROOT @tanstack/store@0.11.2 OK for: @tanstack/react-store@0.11.2 want: 0.11.2
695 silly placeDep ROOT use-sync-external-store@1.7.0 OK for: @tanstack/react-store@0.11.2 want: ^1.6.0
696 silly placeDep ROOT cookie-es@3.1.1 OK for: @tanstack/router-core@1.171.33 want: ^3.0.0
697 silly placeDep ROOT seroval@1.6.8 OK for: @tanstack/router-core@1.171.33 want: ^1.6.7
698 silly placeDep ROOT seroval-plugins@1.6.8 OK for: @tanstack/router-core@1.171.33 want: ^1.6.7
699 silly fetch manifest @farmfe/core@*
700 silly packumentCache full:https://registry.npmjs.org/@farmfe%2fcore cache-miss
701 http fetch GET 200 https://registry.npmjs.org/@farmfe%2fcore 472ms (cache miss)
702 silly packumentCache full:https://registry.npmjs.org/@farmfe%2fcore set size:undefined disposed:false
703 silly fetch manifest @rspack/core@*
704 silly packumentCache full:https://registry.npmjs.org/@rspack%2fcore cache-miss
705 http fetch GET 200 https://registry.npmjs.org/@rspack%2fcore 169ms (cache miss)
706 silly packumentCache full:https://registry.npmjs.org/@rspack%2fcore set size:undefined disposed:false
707 silly fetch manifest @module-federation/runtime-tools@^0.24.1 || ^2.0.0
708 silly packumentCache full:https://registry.npmjs.org/@module-federation%2fruntime-tools cache-miss
709 http fetch GET 200 https://registry.npmjs.org/@module-federation%2fruntime-tools 117ms (cache miss)
710 silly packumentCache full:https://registry.npmjs.org/@module-federation%2fruntime-tools set size:undefined disposed:false
711 silly fetch manifest @swc/helpers@^0.5.23
712 silly packumentCache full:https://registry.npmjs.org/@swc%2fhelpers cache-miss
713 http fetch GET 200 https://registry.npmjs.org/@swc%2fhelpers 65ms (cache miss)
714 silly packumentCache full:https://registry.npmjs.org/@swc%2fhelpers set size:undefined disposed:false
715 silly fetch manifest bun-types-no-globals@*
716 silly packumentCache full:https://registry.npmjs.org/bun-types-no-globals cache-miss
717 http fetch GET 200 https://registry.npmjs.org/bun-types-no-globals 51ms (cache miss)
718 silly packumentCache full:https://registry.npmjs.org/bun-types-no-globals set size:undefined disposed:false
719 silly fetch manifest esbuild@*
720 silly packumentCache full:https://registry.npmjs.org/esbuild cache-miss
721 http cache https://registry.npmjs.org/esbuild 5ms (cache hit)
722 silly packumentCache full:https://registry.npmjs.org/esbuild set size:1264676 disposed:false
723 silly fetch manifest rolldown@*
724 silly packumentCache full:https://registry.npmjs.org/rolldown cache-miss
725 http cache https://registry.npmjs.org/rolldown 8ms (cache hit)
726 silly packumentCache full:https://registry.npmjs.org/rolldown set size:3834881 disposed:false
727 silly fetch manifest rollup@*
728 silly packumentCache full:https://registry.npmjs.org/rollup cache-miss
729 http fetch GET 200 https://registry.npmjs.org/rollup 153ms (cache miss)
730 silly packumentCache full:https://registry.npmjs.org/rollup set size:undefined disposed:false
731 silly fetch manifest unloader@*
732 silly packumentCache full:https://registry.npmjs.org/unloader cache-miss
733 http fetch GET 200 https://registry.npmjs.org/unloader 28ms (cache miss)
734 silly packumentCache full:https://registry.npmjs.org/unloader set size:undefined disposed:false
735 silly fetch manifest vite@>=5.0.0 || >=6.0.0 || >=7.0.0 || >=8.0.0
736 silly packumentCache full:https://registry.npmjs.org/vite cache-miss
737 http cache https://registry.npmjs.org/vite 102ms (cache hit)
738 silly packumentCache full:https://registry.npmjs.org/vite set size:38950704 disposed:false
739 silly placeDep ROOT @babel/core@7.29.7 OK for: @tanstack/router-plugin@1.168.41 want: ^7.29.7
740 silly placeDep ROOT @babel/template@7.29.7 OK for: @tanstack/router-plugin@1.168.41 want: ^7.29.7
741 silly placeDep ROOT @babel/types@7.29.8 OK for: @tanstack/router-plugin@1.168.41 want: ^7.29.8
742 silly placeDep ROOT @tanstack/router-generator@1.167.39 OK for: @tanstack/router-plugin@1.168.41 want: 1.167.39
743 silly placeDep ROOT @tanstack/router-utils@1.162.3 OK for: @tanstack/router-plugin@1.168.41 want: 1.162.3
744 silly placeDep ROOT chokidar@5.0.0 OK for: @tanstack/router-plugin@1.168.41 want: ^5.0.0
745 silly placeDep ROOT unplugin@3.4.0 OK for: @tanstack/router-plugin@1.168.41 want: ^3.3.0
746 silly placeDep ROOT zod@4.6.5 OK for: @tanstack/router-plugin@1.168.41 want: ^4.5.4
747 silly fetch manifest debug@^4.1.0
748 silly packumentCache full:https://registry.npmjs.org/debug cache-miss
749 silly fetch manifest json5@^2.2.3
750 silly packumentCache full:https://registry.npmjs.org/json5 cache-miss
751 silly fetch manifest semver@^6.3.1
752 silly packumentCache full:https://registry.npmjs.org/semver cache-miss
753 silly fetch manifest gensync@^1.0.0-beta.2
754 silly packumentCache full:https://registry.npmjs.org/gensync cache-miss
755 silly fetch manifest @babel/types@^7.29.7
756 silly packumentCache full:https://registry.npmjs.org/@babel%2ftypes cache-miss
757 silly fetch manifest @babel/parser@^7.29.7
758 silly packumentCache full:https://registry.npmjs.org/@babel%2fparser cache-miss
759 silly fetch manifest @babel/helpers@^7.29.7
760 silly packumentCache full:https://registry.npmjs.org/@babel%2fhelpers cache-miss
761 http cache https://registry.npmjs.org/@babel%2ftypes 12ms (cache hit)
762 silly packumentCache full:https://registry.npmjs.org/@babel%2ftypes set size:507562 disposed:false
763 silly fetch manifest @babel/traverse@^7.29.7
764 silly packumentCache full:https://registry.npmjs.org/@babel%2ftraverse cache-miss
765 http fetch GET 200 https://registry.npmjs.org/gensync 63ms (cache miss)
766 silly packumentCache full:https://registry.npmjs.org/gensync set size:undefined disposed:false
767 silly fetch manifest @babel/generator@^7.29.7
768 silly packumentCache full:https://registry.npmjs.org/@babel%2fgenerator cache-miss
769 http fetch GET 200 https://registry.npmjs.org/json5 68ms (cache miss)
770 silly packumentCache full:https://registry.npmjs.org/json5 set size:undefined disposed:false
771 silly fetch manifest @babel/code-frame@^7.29.7
772 silly packumentCache full:https://registry.npmjs.org/@babel%2fcode-frame cache-miss
773 http fetch GET 200 https://registry.npmjs.org/semver 72ms (cache miss)
774 silly packumentCache full:https://registry.npmjs.org/semver set size:undefined disposed:false
775 silly fetch manifest convert-source-map@^2.0.0
776 silly packumentCache full:https://registry.npmjs.org/convert-source-map cache-miss
777 http fetch GET 200 https://registry.npmjs.org/debug 79ms (cache miss)
778 silly packumentCache full:https://registry.npmjs.org/debug set size:undefined disposed:false
779 silly fetch manifest @babel/helper-module-transforms@^7.29.7
780 silly packumentCache full:https://registry.npmjs.org/@babel%2fhelper-module-transforms cache-miss
781 http fetch GET 200 https://registry.npmjs.org/@babel%2fhelpers 84ms (cache miss)
782 silly packumentCache full:https://registry.npmjs.org/@babel%2fhelpers set size:undefined disposed:false
783 silly fetch manifest @babel/helper-compilation-targets@^7.29.7
784 silly packumentCache full:https://registry.npmjs.org/@babel%2fhelper-compilation-targets cache-miss
785 http fetch GET 200 https://registry.npmjs.org/@babel%2fparser 101ms (cache miss)
786 silly packumentCache full:https://registry.npmjs.org/@babel%2fparser set size:undefined disposed:false
787 silly fetch manifest @babel/code-frame@^7.29.7
788 silly packumentCache full:https://registry.npmjs.org/@babel%2fcode-frame cache-miss
789 http fetch GET 200 https://registry.npmjs.org/convert-source-map 35ms (cache miss)
790 silly packumentCache full:https://registry.npmjs.org/convert-source-map set size:undefined disposed:false
791 silly fetch manifest @babel/helper-string-parser@^7.29.7
792 silly packumentCache full:https://registry.npmjs.org/@babel%2fhelper-string-parser cache-miss
793 http fetch GET 200 https://registry.npmjs.org/@babel%2fcode-frame 45ms (cache miss)
794 silly packumentCache full:https://registry.npmjs.org/@babel%2fcode-frame set size:undefined disposed:false
795 silly fetch manifest @babel/helper-validator-identifier@^7.29.7
796 silly packumentCache full:https://registry.npmjs.org/@babel%2fhelper-validator-identifier cache-miss
797 http fetch GET 200 https://registry.npmjs.org/@babel%2ftraverse 101ms (cache miss)
798 silly packumentCache full:https://registry.npmjs.org/@babel%2ftraverse set size:undefined disposed:false
799 silly fetch manifest prettier@^3.9.6
800 silly packumentCache full:https://registry.npmjs.org/prettier cache-miss
801 http fetch GET 200 https://registry.npmjs.org/@babel%2fhelper-compilation-targets 50ms (cache miss)
802 silly packumentCache full:https://registry.npmjs.org/@babel%2fhelper-compilation-targets set size:undefined disposed:false
803 silly fetch manifest @tanstack/virtual-file-routes@1.162.0
804 silly packumentCache full:https://registry.npmjs.org/@tanstack%2fvirtual-file-routes cache-miss
805 http fetch GET 200 https://registry.npmjs.org/@babel%2fgenerator 79ms (cache miss)
806 silly packumentCache full:https://registry.npmjs.org/@babel%2fgenerator set size:undefined disposed:false
807 silly fetch manifest diff@^8.0.4
808 silly packumentCache full:https://registry.npmjs.org/diff cache-miss
809 http fetch GET 200 https://registry.npmjs.org/@babel%2fhelper-module-transforms 77ms (cache miss)
810 silly packumentCache full:https://registry.npmjs.org/@babel%2fhelper-module-transforms set size:undefined disposed:false
811 silly fetch manifest ansis@^4.3.1
812 silly packumentCache full:https://registry.npmjs.org/ansis cache-miss
813 http fetch GET 200 https://registry.npmjs.org/@babel%2fhelper-string-parser 54ms (cache miss)
814 silly packumentCache full:https://registry.npmjs.org/@babel%2fhelper-string-parser set size:undefined disposed:false
815 silly fetch manifest pathe@^2.0.3
816 silly packumentCache full:https://registry.npmjs.org/pathe cache-miss
817 http fetch GET 200 https://registry.npmjs.org/@babel%2fhelper-validator-identifier 51ms (cache miss)
818 silly packumentCache full:https://registry.npmjs.org/@babel%2fhelper-validator-identifier set size:undefined disposed:false
819 silly fetch manifest @babel/parser@^7.29.8
820 silly packumentCache full:https://registry.npmjs.org/@babel%2fparser cache-miss
821 http fetch GET 200 https://registry.npmjs.org/@babel%2fcode-frame 63ms (cache miss)
822 silly packumentCache full:https://registry.npmjs.org/@babel%2fcode-frame set size:undefined disposed:false
823 silly fetch manifest @babel/generator@^7.29.8
824 silly packumentCache full:https://registry.npmjs.org/@babel%2fgenerator cache-miss
825 http cache https://registry.npmjs.org/@babel%2fparser 10ms (cache hit)
826 silly packumentCache full:https://registry.npmjs.org/@babel%2fparser set size:745724 disposed:false
827 silly fetch manifest babel-dead-code-elimination@^1.0.12
828 silly packumentCache full:https://registry.npmjs.org/babel-dead-code-elimination cache-miss
829 http cache https://registry.npmjs.org/@babel%2fgenerator 18ms (cache hit)
830 silly packumentCache full:https://registry.npmjs.org/@babel%2fgenerator set size:527796 disposed:false
831 silly fetch manifest readdirp@^5.0.0
832 silly packumentCache full:https://registry.npmjs.org/readdirp cache-miss
833 http fetch GET 200 https://registry.npmjs.org/diff 51ms (cache miss)
834 silly packumentCache full:https://registry.npmjs.org/diff set size:undefined disposed:false
835 silly fetch manifest webpack-virtual-modules@^0.6.2
836 silly packumentCache full:https://registry.npmjs.org/webpack-virtual-modules cache-miss
837 http fetch GET 200 https://registry.npmjs.org/pathe 36ms (cache miss)
838 silly packumentCache full:https://registry.npmjs.org/pathe set size:undefined disposed:false
839 http fetch GET 200 https://registry.npmjs.org/prettier 81ms (cache miss)
840 silly packumentCache full:https://registry.npmjs.org/prettier set size:undefined disposed:false
841 http fetch GET 200 https://registry.npmjs.org/ansis 60ms (cache miss)
842 silly packumentCache full:https://registry.npmjs.org/ansis set size:undefined disposed:false
843 http fetch GET 200 https://registry.npmjs.org/babel-dead-code-elimination 40ms (cache miss)
844 silly packumentCache full:https://registry.npmjs.org/babel-dead-code-elimination set size:undefined disposed:false
845 http fetch GET 200 https://registry.npmjs.org/readdirp 34ms (cache miss)
846 silly packumentCache full:https://registry.npmjs.org/readdirp set size:undefined disposed:false
847 http fetch GET 200 https://registry.npmjs.org/webpack-virtual-modules 34ms (cache miss)
848 silly packumentCache full:https://registry.npmjs.org/webpack-virtual-modules set size:undefined disposed:false
849 http fetch GET 200 https://registry.npmjs.org/@tanstack%2fvirtual-file-routes 224ms (cache miss)
850 silly packumentCache full:https://registry.npmjs.org/@tanstack%2fvirtual-file-routes set size:undefined disposed:false
851 silly fetch manifest @babel/core@^7.0.0
852 silly packumentCache full:https://registry.npmjs.org/@babel%2fcore cache-hit
853 silly placeDep ROOT @babel/code-frame@7.29.7 OK for: @babel/core@7.29.7 want: ^7.29.7
854 silly placeDep ROOT @babel/generator@7.29.8 OK for: @babel/core@7.29.7 want: ^7.29.7
855 silly placeDep ROOT @babel/helper-compilation-targets@7.29.7 OK for: @babel/core@7.29.7 want: ^7.29.7
856 silly placeDep ROOT @babel/helper-module-transforms@7.29.7 OK for: @babel/core@7.29.7 want: ^7.29.7
857 silly placeDep ROOT @babel/helpers@7.29.7 OK for: @babel/core@7.29.7 want: ^7.29.7
858 silly placeDep ROOT @babel/parser@7.29.9 OK for: @babel/core@7.29.7 want: ^7.29.7
859 silly placeDep ROOT @babel/traverse@7.29.8 OK for: @babel/core@7.29.7 want: ^7.29.7
860 silly placeDep ROOT convert-source-map@2.0.0 OK for: @babel/core@7.29.7 want: ^2.0.0
861 silly placeDep ROOT debug@4.4.3 OK for: @babel/core@7.29.7 want: ^4.1.0
862 silly placeDep ROOT gensync@1.0.0-beta.2 OK for: @babel/core@7.29.7 want: ^1.0.0-beta.2
863 silly placeDep ROOT json5@2.2.3 OK for: @babel/core@7.29.7 want: ^2.2.3
864 silly placeDep ROOT semver@6.3.1 OK for: @babel/core@7.29.7 want: ^6.3.1
865 silly fetch manifest js-tokens@^4.0.0
866 silly packumentCache full:https://registry.npmjs.org/js-tokens cache-miss
867 silly fetch manifest picocolors@^1.1.1
868 silly packumentCache full:https://registry.npmjs.org/picocolors cache-miss
869 silly fetch manifest jsesc@^3.0.2
870 silly packumentCache full:https://registry.npmjs.org/jsesc cache-miss
871 silly fetch manifest lru-cache@^5.1.1
872 silly packumentCache full:https://registry.npmjs.org/lru-cache cache-miss
873 silly fetch manifest browserslist@^4.24.0
874 silly packumentCache full:https://registry.npmjs.org/browserslist cache-miss
875 silly fetch manifest @babel/compat-data@^7.29.7
876 silly packumentCache full:https://registry.npmjs.org/@babel%2fcompat-data cache-miss
877 silly fetch manifest @babel/helper-validator-option@^7.29.7
878 silly packumentCache full:https://registry.npmjs.org/@babel%2fhelper-validator-option cache-miss
879 http fetch GET 200 https://registry.npmjs.org/picocolors 23ms (cache miss)
880 silly packumentCache full:https://registry.npmjs.org/picocolors set size:undefined disposed:false
881 silly fetch manifest @babel/helper-module-imports@^7.29.7
882 silly packumentCache full:https://registry.npmjs.org/@babel%2fhelper-module-imports cache-miss
883 http fetch GET 200 https://registry.npmjs.org/js-tokens 30ms (cache miss)
884 silly packumentCache full:https://registry.npmjs.org/js-tokens set size:undefined disposed:false
885 silly fetch manifest debug@^4.3.1
886 silly packumentCache full:https://registry.npmjs.org/debug cache-miss
887 http cache https://registry.npmjs.org/debug 11ms (cache hit)
888 silly packumentCache full:https://registry.npmjs.org/debug set size:195840 disposed:false
889 silly fetch manifest @babel/helper-globals@^7.29.7
890 silly packumentCache full:https://registry.npmjs.org/@babel%2fhelper-globals cache-miss
891 http fetch GET 200 https://registry.npmjs.org/jsesc 50ms (cache miss)
892 silly packumentCache full:https://registry.npmjs.org/jsesc set size:undefined disposed:false
893 silly fetch manifest ms@^2.1.3
894 silly packumentCache full:https://registry.npmjs.org/ms cache-miss
895 http fetch GET 200 https://registry.npmjs.org/@babel%2fhelper-validator-option 50ms (cache miss)
896 silly packumentCache full:https://registry.npmjs.org/@babel%2fhelper-validator-option set size:undefined disposed:false
897 http fetch GET 200 https://registry.npmjs.org/lru-cache 60ms (cache miss)
898 silly packumentCache full:https://registry.npmjs.org/lru-cache set size:undefined disposed:false
899 http fetch GET 200 https://registry.npmjs.org/@babel%2fhelper-module-imports 44ms (cache miss)
900 silly packumentCache full:https://registry.npmjs.org/@babel%2fhelper-module-imports set size:undefined disposed:false
901 http fetch GET 200 https://registry.npmjs.org/@babel%2fcompat-data 70ms (cache miss)
902 silly packumentCache full:https://registry.npmjs.org/@babel%2fcompat-data set size:undefined disposed:false
903 http fetch GET 200 https://registry.npmjs.org/browserslist 75ms (cache miss)
904 silly packumentCache full:https://registry.npmjs.org/browserslist set size:undefined disposed:false
905 http fetch GET 200 https://registry.npmjs.org/ms 44ms (cache miss)
906 silly packumentCache full:https://registry.npmjs.org/ms set size:undefined disposed:false
907 http fetch GET 200 https://registry.npmjs.org/@babel%2fhelper-globals 168ms (cache miss)
908 silly packumentCache full:https://registry.npmjs.org/@babel%2fhelper-globals set size:undefined disposed:false
909 silly placeDep ROOT @babel/helper-validator-identifier@7.29.7 OK for: @babel/code-frame@7.29.7 want: ^7.29.7
910 silly placeDep ROOT js-tokens@4.0.0 OK for: @babel/code-frame@7.29.7 want: ^4.0.0
911 silly placeDep ROOT picocolors@1.1.1 OK for: @babel/code-frame@7.29.7 want: ^1.1.1
912 silly placeDep ROOT jsesc@3.1.0 OK for: @babel/generator@7.29.8 want: ^3.0.2
913 silly placeDep ROOT @babel/compat-data@7.29.7 OK for: @babel/helper-compilation-targets@7.29.7 want: ^7.29.7
914 silly placeDep ROOT @babel/helper-validator-option@7.29.7 OK for: @babel/helper-compilation-targets@7.29.7 want: ^7.29.7
915 silly placeDep ROOT browserslist@4.29.2 OK for: @babel/helper-compilation-targets@7.29.7 want: ^4.24.0
916 silly placeDep ROOT lru-cache@5.1.1 OK for: @babel/helper-compilation-targets@7.29.7 want: ^5.1.1
917 silly fetch manifest caniuse-lite@^1.0.30001812
918 silly packumentCache full:https://registry.npmjs.org/caniuse-lite cache-miss
919 silly fetch manifest node-releases@^2.0.57
920 silly packumentCache full:https://registry.npmjs.org/node-releases cache-miss
921 silly fetch manifest electron-to-chromium@^1.5.439
922 silly packumentCache full:https://registry.npmjs.org/electron-to-chromium cache-miss
923 silly fetch manifest update-browserslist-db@^1.3.3
924 silly packumentCache full:https://registry.npmjs.org/update-browserslist-db cache-miss
925 silly fetch manifest baseline-browser-mapping@^2.11.26
926 silly packumentCache full:https://registry.npmjs.org/baseline-browser-mapping cache-miss
927 silly fetch manifest yallist@^3.0.2
928 silly packumentCache full:https://registry.npmjs.org/yallist cache-miss
929 http fetch GET 200 https://registry.npmjs.org/update-browserslist-db 22ms (cache miss)
930 silly packumentCache full:https://registry.npmjs.org/update-browserslist-db set size:undefined disposed:false
931 http fetch GET 200 https://registry.npmjs.org/yallist 43ms (cache miss)
932 silly packumentCache full:https://registry.npmjs.org/yallist set size:undefined disposed:false
933 http fetch GET 200 https://registry.npmjs.org/node-releases 48ms (cache miss)
934 silly packumentCache full:https://registry.npmjs.org/node-releases set size:undefined disposed:false
935 http fetch GET 200 https://registry.npmjs.org/baseline-browser-mapping 52ms (cache miss)
936 silly packumentCache full:https://registry.npmjs.org/baseline-browser-mapping set size:undefined disposed:false
937 http fetch GET 200 https://registry.npmjs.org/electron-to-chromium 197ms (cache miss)
938 silly packumentCache full:https://registry.npmjs.org/electron-to-chromium set size:undefined disposed:false
939 http fetch GET 200 https://registry.npmjs.org/caniuse-lite 358ms (cache miss)
940 silly packumentCache full:https://registry.npmjs.org/caniuse-lite set size:undefined disposed:false
941 silly placeDep ROOT @babel/helper-module-imports@7.29.7 OK for: @babel/helper-module-transforms@7.29.7 want: ^7.29.7
942 silly placeDep ROOT @babel/helper-globals@7.29.7 OK for: @babel/traverse@7.29.8 want: ^7.29.7
943 silly placeDep ROOT @babel/helper-string-parser@7.29.7 OK for: @babel/types@7.29.8 want: ^7.29.7
944 silly placeDep ROOT @tanstack/virtual-file-routes@1.162.0 OK for: @tanstack/router-generator@1.167.39 want: 1.162.0
945 silly placeDep ROOT prettier@3.9.9 OK for: @tanstack/router-generator@1.167.39 want: ^3.9.6
946 silly placeDep ROOT ansis@4.4.0 OK for: @tanstack/router-utils@1.162.3 want: ^4.3.1
947 silly placeDep ROOT babel-dead-code-elimination@1.0.12 OK for: @tanstack/router-utils@1.162.3 want: ^1.0.12
948 silly placeDep ROOT diff@8.0.4 OK for: @tanstack/router-utils@1.162.3 want: ^8.0.4
949 silly placeDep ROOT pathe@2.0.3 OK for: @tanstack/router-utils@1.162.3 want: ^2.0.3
950 silly placeDep ROOT tinyglobby@0.2.17 OK for: @tanstack/router-utils@1.162.3 want: ^0.2.17
951 silly fetch manifest fdir@^6.5.0
952 silly packumentCache full:https://registry.npmjs.org/fdir cache-miss
953 silly fetch manifest picomatch@^4.0.4
954 silly packumentCache full:https://registry.npmjs.org/picomatch cache-miss
955 http cache https://registry.npmjs.org/picomatch 5ms (cache hit)
956 silly packumentCache full:https://registry.npmjs.org/picomatch set size:134451 disposed:false
957 http fetch GET 200 https://registry.npmjs.org/fdir 41ms (cache miss)
958 silly packumentCache full:https://registry.npmjs.org/fdir set size:undefined disposed:false
959 silly placeDep ROOT csstype@3.2.3 OK for: @types/react@19.3.0 want: ^3.2.2
960 silly placeDep ROOT @babel/plugin-transform-react-jsx-self@7.29.7 OK for: @vitejs/plugin-react@5.2.0 want: ^7.27.1
961 silly placeDep ROOT @babel/plugin-transform-react-jsx-source@7.29.7 OK for: @vitejs/plugin-react@5.2.0 want: ^7.27.1
962 silly placeDep ROOT @rolldown/pluginutils@1.0.0-rc.3 OK for: @vitejs/plugin-react@5.2.0 want: 1.0.0-rc.3
963 silly placeDep ROOT @types/babel__core@7.20.5 OK for: @vitejs/plugin-react@5.2.0 want: ^7.20.5
964 silly placeDep ROOT react-refresh@0.18.0 OK for: @vitejs/plugin-react@5.2.0 want: ^0.18.0
965 silly fetch manifest @babel/helper-plugin-utils@^7.29.7
966 silly packumentCache full:https://registry.npmjs.org/@babel%2fhelper-plugin-utils cache-miss
967 silly fetch manifest @babel/helper-plugin-utils@^7.29.7
968 silly packumentCache full:https://registry.npmjs.org/@babel%2fhelper-plugin-utils cache-miss
969 silly fetch manifest @types/babel__template@*
970 silly packumentCache full:https://registry.npmjs.org/@types%2fbabel__template cache-miss
971 silly fetch manifest @types/babel__traverse@*
972 silly packumentCache full:https://registry.npmjs.org/@types%2fbabel__traverse cache-miss
973 silly fetch manifest @types/babel__generator@*
974 silly packumentCache full:https://registry.npmjs.org/@types%2fbabel__generator cache-miss
975 http fetch GET 200 https://registry.npmjs.org/@babel%2fhelper-plugin-utils 26ms (cache miss)
976 silly packumentCache full:https://registry.npmjs.org/@babel%2fhelper-plugin-utils set size:undefined disposed:false
977 http fetch GET 200 https://registry.npmjs.org/@types%2fbabel__template 39ms (cache miss)
978 silly packumentCache full:https://registry.npmjs.org/@types%2fbabel__template set size:undefined disposed:false
979 http fetch GET 200 https://registry.npmjs.org/@babel%2fhelper-plugin-utils 40ms (cache miss)
980 silly packumentCache full:https://registry.npmjs.org/@babel%2fhelper-plugin-utils set size:undefined disposed:false
981 http fetch GET 200 https://registry.npmjs.org/@types%2fbabel__generator 47ms (cache miss)
982 silly packumentCache full:https://registry.npmjs.org/@types%2fbabel__generator set size:undefined disposed:false
983 http fetch GET 200 https://registry.npmjs.org/@types%2fbabel__traverse 50ms (cache miss)
984 silly packumentCache full:https://registry.npmjs.org/@types%2fbabel__traverse set size:undefined disposed:false
985 silly placeDep ROOT @babel/helper-plugin-utils@7.29.7 OK for: @babel/plugin-transform-react-jsx-self@7.29.7 want: ^7.29.7
986 silly placeDep ROOT @types/babel__generator@7.27.0 OK for: @types/babel__core@7.20.5 want: *
987 silly placeDep ROOT @types/babel__template@7.4.4 OK for: @types/babel__core@7.20.5 want: *
988 silly placeDep ROOT @types/babel__traverse@7.28.0 OK for: @types/babel__core@7.20.5 want: *
989 silly fetch manifest browserslist@>= 4.21.0
990 silly packumentCache full:https://registry.npmjs.org/browserslist cache-miss
991 http cache https://registry.npmjs.org/browserslist 4ms (cache hit)
992 silly packumentCache full:https://registry.npmjs.org/browserslist set size:528084 disposed:false
993 silly placeDep ROOT baseline-browser-mapping@2.11.26 OK for: browserslist@4.29.2 want: ^2.11.26
994 silly placeDep ROOT caniuse-lite@1.0.30001813 OK for: browserslist@4.29.2 want: ^1.0.30001812
995 silly placeDep ROOT electron-to-chromium@1.5.440 OK for: browserslist@4.29.2 want: ^1.5.439
996 silly placeDep ROOT node-releases@2.0.57 OK for: browserslist@4.29.2 want: ^2.0.57
997 silly placeDep ROOT update-browserslist-db@1.3.3 OK for: browserslist@4.29.2 want: ^1.3.3
998 silly fetch manifest escalade@^3.2.0
999 silly packumentCache full:https://registry.npmjs.org/escalade cache-miss
1000 http fetch GET 200 https://registry.npmjs.org/escalade 28ms (cache miss)
1001 silly packumentCache full:https://registry.npmjs.org/escalade set size:undefined disposed:false
1002 silly placeDep ROOT readdirp@5.1.1 OK for: chokidar@5.0.0 want: ^5.0.0
1003 silly placeDep ROOT ms@2.1.3 OK for: debug@4.4.3 want: ^2.1.3
1004 silly placeDep ROOT graceful-fs@4.2.11 OK for: enhanced-resolve@5.26.0 want: ^4.2.4
1005 silly placeDep ROOT tapable@2.3.3 OK for: enhanced-resolve@5.26.0 want: ^2.3.3
1006 silly placeDep ROOT motion-dom@11.18.1 OK for: framer-motion@11.18.2 want: ^11.18.1
1007 silly placeDep ROOT motion-utils@11.18.1 OK for: framer-motion@11.18.2 want: ^11.18.1
1008 silly placeDep ROOT detect-libc@2.1.2 OK for: lightningcss@1.32.0 want: ^2.0.3
1009 silly placeDep ROOT lightningcss-android-arm64@1.32.0 OK for: lightningcss@1.32.0 want: 1.32.0
1010 silly placeDep ROOT lightningcss-darwin-arm64@1.32.0 OK for: lightningcss@1.32.0 want: 1.32.0
1011 silly placeDep ROOT lightningcss-darwin-x64@1.32.0 OK for: lightningcss@1.32.0 want: 1.32.0
1012 silly placeDep ROOT lightningcss-freebsd-x64@1.32.0 OK for: lightningcss@1.32.0 want: 1.32.0
1013 silly placeDep ROOT lightningcss-linux-arm-gnueabihf@1.32.0 OK for: lightningcss@1.32.0 want: 1.32.0
1014 silly placeDep ROOT lightningcss-linux-arm64-gnu@1.32.0 OK for: lightningcss@1.32.0 want: 1.32.0
1015 silly placeDep ROOT lightningcss-linux-arm64-musl@1.32.0 OK for: lightningcss@1.32.0 want: 1.32.0
1016 silly placeDep ROOT lightningcss-linux-x64-gnu@1.32.0 OK for: lightningcss@1.32.0 want: 1.32.0
1017 silly placeDep ROOT lightningcss-linux-x64-musl@1.32.0 OK for: lightningcss@1.32.0 want: 1.32.0
1018 silly placeDep ROOT lightningcss-win32-arm64-msvc@1.32.0 OK for: lightningcss@1.32.0 want: 1.32.0
1019 silly placeDep ROOT lightningcss-win32-x64-msvc@1.32.0 OK for: lightningcss@1.32.0 want: 1.32.0
1020 silly placeDep ROOT yallist@3.1.1 OK for: lru-cache@5.1.1 want: ^3.0.2
1021 silly placeDep ROOT scheduler@0.28.0 OK for: react-dom@19.3.0 want: ^0.28.0
1022 silly fetch manifest react@^16.0.0 || ^17.0.0 || ^18.0.0 || ^19.0.0
1023 silly packumentCache full:https://registry.npmjs.org/react cache-miss
1024 http cache https://registry.npmjs.org/react 15ms (cache hit)
1025 silly packumentCache full:https://registry.npmjs.org/react set size:7006748 disposed:false
1026 silly fetch manifest react-dom@^16.0.0 || ^17.0.0 || ^18.0.0 || ^19.0.0
1027 silly packumentCache full:https://registry.npmjs.org/react-dom cache-miss
1028 http cache https://registry.npmjs.org/react-dom 20ms (cache hit)
1029 silly packumentCache full:https://registry.npmjs.org/react-dom set size:9440025 disposed:false
1030 silly placeDep ROOT clsx@2.1.1 OK for: recharts@2.15.4 want: ^2.0.0
1031 silly placeDep ROOT eventemitter3@4.0.7 OK for: recharts@2.15.4 want: ^4.0.1
1032 silly placeDep ROOT lodash@4.18.1 OK for: recharts@2.15.4 want: ^4.17.21
1033 silly placeDep ROOT react-is@18.3.1 OK for: recharts@2.15.4 want: ^18.3.1
1034 silly placeDep ROOT react-smooth@4.0.4 OK for: recharts@2.15.4 want: ^4.0.4
1035 silly placeDep ROOT recharts-scale@0.4.5 OK for: recharts@2.15.4 want: ^0.4.4
1036 silly placeDep ROOT tiny-invariant@1.3.3 OK for: recharts@2.15.4 want: ^1.3.1
1037 silly placeDep ROOT victory-vendor@36.9.2 OK for: recharts@2.15.4 want: ^36.6.8
1038 silly fetch manifest fast-equals@^5.0.1
1039 silly packumentCache full:https://registry.npmjs.org/fast-equals cache-miss
1040 silly fetch manifest prop-types@^15.8.1
1041 silly packumentCache full:https://registry.npmjs.org/prop-types cache-miss
1042 silly fetch manifest react-transition-group@^4.4.5
1043 silly packumentCache full:https://registry.npmjs.org/react-transition-group cache-miss
1044 silly fetch manifest decimal.js-light@^2.4.1
1045 silly packumentCache full:https://registry.npmjs.org/decimal.js-light cache-miss
1046 silly fetch manifest d3-ease@^3.0.1
1047 silly packumentCache full:https://registry.npmjs.org/d3-ease cache-miss
1048 silly fetch manifest d3-time@^3.0.0
1049 silly packumentCache full:https://registry.npmjs.org/d3-time cache-miss
1050 silly fetch manifest d3-array@^3.1.6
1051 silly packumentCache full:https://registry.npmjs.org/d3-array cache-miss
1052 http fetch GET 200 https://registry.npmjs.org/prop-types 26ms (cache miss)
1053 silly packumentCache full:https://registry.npmjs.org/prop-types set size:undefined disposed:false
1054 silly fetch manifest d3-scale@^4.0.2
1055 silly packumentCache full:https://registry.npmjs.org/d3-scale cache-miss
1056 http fetch GET 200 https://registry.npmjs.org/decimal.js-light 32ms (cache miss)
1057 silly packumentCache full:https://registry.npmjs.org/decimal.js-light set size:undefined disposed:false
1058 silly fetch manifest d3-shape@^3.1.0
1059 silly packumentCache full:https://registry.npmjs.org/d3-shape cache-miss
1060 http fetch GET 200 https://registry.npmjs.org/react-transition-group 35ms (cache miss)
1061 silly packumentCache full:https://registry.npmjs.org/react-transition-group set size:undefined disposed:false
1062 silly fetch manifest d3-timer@^3.0.1
1063 silly packumentCache full:https://registry.npmjs.org/d3-timer cache-miss
1064 http fetch GET 200 https://registry.npmjs.org/fast-equals 41ms (cache miss)
1065 silly packumentCache full:https://registry.npmjs.org/fast-equals set size:undefined disposed:false
1066 silly fetch manifest @types/d3-ease@^3.0.0
1067 silly packumentCache full:https://registry.npmjs.org/@types%2fd3-ease cache-miss
1068 http fetch GET 200 https://registry.npmjs.org/d3-ease 48ms (cache miss)
1069 silly packumentCache full:https://registry.npmjs.org/d3-ease set size:undefined disposed:false
1070 silly fetch manifest @types/d3-time@^3.0.0
1071 silly packumentCache full:https://registry.npmjs.org/@types%2fd3-time cache-miss
1072 http fetch GET 200 https://registry.npmjs.org/d3-timer 33ms (cache miss)
1073 silly packumentCache full:https://registry.npmjs.org/d3-timer set size:undefined disposed:false
1074 silly fetch manifest d3-interpolate@^3.0.1
1075 silly packumentCache full:https://registry.npmjs.org/d3-interpolate cache-miss
1076 http fetch GET 200 https://registry.npmjs.org/d3-scale 49ms (cache miss)
1077 silly packumentCache full:https://registry.npmjs.org/d3-scale set size:undefined disposed:false
1078 silly fetch manifest @types/d3-array@^3.0.3
1079 silly packumentCache full:https://registry.npmjs.org/@types%2fd3-array cache-miss
1080 http fetch GET 200 https://registry.npmjs.org/d3-shape 55ms (cache miss)
1081 silly packumentCache full:https://registry.npmjs.org/d3-shape set size:undefined disposed:false
1082 silly fetch manifest @types/d3-scale@^4.0.2
1083 silly packumentCache full:https://registry.npmjs.org/@types%2fd3-scale cache-miss
1084 http fetch GET 200 https://registry.npmjs.org/@types%2fd3-ease 62ms (cache miss)
1085 silly packumentCache full:https://registry.npmjs.org/@types%2fd3-ease set size:undefined disposed:false
1086 silly fetch manifest @types/d3-shape@^3.1.0
1087 silly packumentCache full:https://registry.npmjs.org/@types%2fd3-shape cache-miss
1088 http fetch GET 200 https://registry.npmjs.org/d3-time 109ms (cache miss)
1089 silly packumentCache full:https://registry.npmjs.org/d3-time set size:undefined disposed:false
1090 silly fetch manifest @types/d3-timer@^3.0.0
1091 silly packumentCache full:https://registry.npmjs.org/@types%2fd3-timer cache-miss
1092 http fetch GET 200 https://registry.npmjs.org/@types%2fd3-time 64ms (cache miss)
1093 silly packumentCache full:https://registry.npmjs.org/@types%2fd3-time set size:undefined disposed:false
1094 silly fetch manifest @types/d3-interpolate@^3.0.1
1095 silly packumentCache full:https://registry.npmjs.org/@types%2fd3-interpolate cache-miss
1096 http fetch GET 200 https://registry.npmjs.org/d3-interpolate 45ms (cache miss)
1097 silly packumentCache full:https://registry.npmjs.org/d3-interpolate set size:undefined disposed:false
1098 http fetch GET 200 https://registry.npmjs.org/d3-array 119ms (cache miss)
1099 silly packumentCache full:https://registry.npmjs.org/d3-array set size:undefined disposed:false
1100 http fetch GET 200 https://registry.npmjs.org/@types%2fd3-array 43ms (cache miss)
1101 silly packumentCache full:https://registry.npmjs.org/@types%2fd3-array set size:undefined disposed:false
1102 http fetch GET 200 https://registry.npmjs.org/@types%2fd3-scale 44ms (cache miss)
1103 silly packumentCache full:https://registry.npmjs.org/@types%2fd3-scale set size:undefined disposed:false
1104 http fetch GET 200 https://registry.npmjs.org/@types%2fd3-timer 36ms (cache miss)
1105 silly packumentCache full:https://registry.npmjs.org/@types%2fd3-timer set size:undefined disposed:false
1106 http fetch GET 200 https://registry.npmjs.org/@types%2fd3-interpolate 56ms (cache miss)
1107 silly packumentCache full:https://registry.npmjs.org/@types%2fd3-interpolate set size:undefined disposed:false
1108 http fetch GET 200 https://registry.npmjs.org/@types%2fd3-shape 67ms (cache miss)
1109 silly packumentCache full:https://registry.npmjs.org/@types%2fd3-shape set size:undefined disposed:false
1110 silly fetch manifest react-dom@^16.8.0 || ^17.0.0 || ^18.0.0 || ^19.0.0
1111 silly packumentCache full:https://registry.npmjs.org/react-dom cache-miss
1112 http cache https://registry.npmjs.org/react-dom 19ms (cache hit)
1113 silly packumentCache full:https://registry.npmjs.org/react-dom set size:9440025 disposed:false
1114 silly placeDep ROOT fast-equals@5.4.3 OK for: react-smooth@4.0.4 want: ^5.0.1
1115 silly placeDep ROOT prop-types@15.8.1 OK for: react-smooth@4.0.4 want: ^15.8.1
1116 silly placeDep ROOT react-transition-group@4.4.5 OK for: react-smooth@4.0.4 want: ^4.4.5
1117 silly fetch manifest loose-envify@^1.4.0
1118 silly packumentCache full:https://registry.npmjs.org/loose-envify cache-miss
1119 silly fetch manifest object-assign@^4.1.1
1120 silly packumentCache full:https://registry.npmjs.org/object-assign cache-miss
1121 silly fetch manifest react-is@^16.13.1
1122 silly packumentCache full:https://registry.npmjs.org/react-is cache-miss
1123 silly fetch manifest @babel/runtime@^7.5.5
1124 silly packumentCache full:https://registry.npmjs.org/@babel%2fruntime cache-miss
1125 silly fetch manifest dom-helpers@^5.0.1
1126 silly packumentCache full:https://registry.npmjs.org/dom-helpers cache-miss
1127 silly fetch manifest loose-envify@^1.4.0
1128 silly packumentCache full:https://registry.npmjs.org/loose-envify cache-miss
1129 http cache https://registry.npmjs.org/react-is 18ms (cache hit)
1130 silly packumentCache full:https://registry.npmjs.org/react-is set size:5671336 disposed:false
1131 http fetch GET 200 https://registry.npmjs.org/loose-envify 63ms (cache miss)
1132 silly packumentCache full:https://registry.npmjs.org/loose-envify set size:undefined disposed:false
1133 http fetch GET 200 https://registry.npmjs.org/loose-envify 64ms (cache miss)
1134 silly packumentCache full:https://registry.npmjs.org/loose-envify set size:undefined disposed:false
1135 http fetch GET 200 https://registry.npmjs.org/object-assign 66ms (cache miss)
1136 silly packumentCache full:https://registry.npmjs.org/object-assign set size:undefined disposed:false
1137 http fetch GET 200 https://registry.npmjs.org/dom-helpers 66ms (cache miss)
1138 silly packumentCache full:https://registry.npmjs.org/dom-helpers set size:undefined disposed:false
1139 http fetch GET 200 https://registry.npmjs.org/@babel%2fruntime 130ms (cache miss)
1140 silly packumentCache full:https://registry.npmjs.org/@babel%2fruntime set size:undefined disposed:false
1141 silly placeDep ROOT loose-envify@1.4.0 OK for: prop-types@15.8.1 want: ^1.4.0
1142 silly placeDep ROOT object-assign@4.1.1 OK for: prop-types@15.8.1 want: ^4.1.1
1143 silly placeDep node_modules/prop-types react-is@16.13.1 OK for: prop-types@15.8.1 want: ^16.13.1
1144 silly placeDep ROOT @babel/runtime@7.29.7 OK for: react-transition-group@4.4.5 want: ^7.5.5
1145 silly placeDep ROOT dom-helpers@5.2.1 OK for: react-transition-group@4.4.5 want: ^5.0.1
1146 silly placeDep ROOT decimal.js-light@2.5.1 OK for: recharts-scale@0.4.5 want: ^2.4.1
1147 silly placeDep ROOT fdir@6.5.0 OK for: tinyglobby@0.2.17 want: ^6.5.0
1148 silly placeDep ROOT picomatch@4.0.7 OK for: tinyglobby@0.2.17 want: ^4.0.4
1149 silly placeDep ROOT webpack-virtual-modules@0.6.2 OK for: unplugin@3.4.0 want: ^0.6.2
1150 silly placeDep ROOT escalade@3.2.0 OK for: update-browserslist-db@1.3.3 want: ^3.2.0
1151 silly placeDep ROOT @types/d3-array@3.2.2 OK for: victory-vendor@36.9.2 want: ^3.0.3
1152 silly placeDep ROOT @types/d3-ease@3.0.2 OK for: victory-vendor@36.9.2 want: ^3.0.0
1153 silly placeDep ROOT @types/d3-interpolate@3.0.4 OK for: victory-vendor@36.9.2 want: ^3.0.1
1154 silly placeDep ROOT @types/d3-scale@4.0.9 OK for: victory-vendor@36.9.2 want: ^4.0.2
1155 silly placeDep ROOT @types/d3-shape@3.2.0 OK for: victory-vendor@36.9.2 want: ^3.1.0
1156 silly placeDep ROOT @types/d3-time@3.0.4 OK for: victory-vendor@36.9.2 want: ^3.0.0
1157 silly placeDep ROOT @types/d3-timer@3.0.2 OK for: victory-vendor@36.9.2 want: ^3.0.0
1158 silly placeDep ROOT d3-array@3.2.4 OK for: victory-vendor@36.9.2 want: ^3.1.6
1159 silly placeDep ROOT d3-ease@3.0.1 OK for: victory-vendor@36.9.2 want: ^3.0.1
1160 silly placeDep ROOT d3-interpolate@3.0.1 OK for: victory-vendor@36.9.2 want: ^3.0.1
1161 silly placeDep ROOT d3-scale@4.0.2 OK for: victory-vendor@36.9.2 want: ^4.0.2
1162 silly placeDep ROOT d3-shape@3.2.0 OK for: victory-vendor@36.9.2 want: ^3.1.0
1163 silly placeDep ROOT d3-time@3.1.0 OK for: victory-vendor@36.9.2 want: ^3.0.0
1164 silly placeDep ROOT d3-timer@3.0.1 OK for: victory-vendor@36.9.2 want: ^3.0.1
1165 silly fetch manifest @types/d3-color@*
1166 silly packumentCache full:https://registry.npmjs.org/@types%2fd3-color cache-miss
1167 silly fetch manifest @types/d3-time@*
1168 silly packumentCache full:https://registry.npmjs.org/@types%2fd3-time cache-miss
1169 silly fetch manifest @types/d3-path@*
1170 silly packumentCache full:https://registry.npmjs.org/@types%2fd3-path cache-miss
1171 silly fetch manifest internmap@1 - 2
1172 silly packumentCache full:https://registry.npmjs.org/internmap cache-miss
1173 silly fetch manifest d3-color@1 - 3
1174 silly packumentCache full:https://registry.npmjs.org/d3-color cache-miss
1175 silly fetch manifest d3-format@1 - 3
1176 silly packumentCache full:https://registry.npmjs.org/d3-format cache-miss
1177 silly fetch manifest d3-time@2.1.1 - 3
1178 silly packumentCache full:https://registry.npmjs.org/d3-time cache-miss
1179 http cache https://registry.npmjs.org/@types%2fd3-time 9ms (cache hit)
1180 silly packumentCache full:https://registry.npmjs.org/@types%2fd3-time set size:52652 disposed:false
1181 silly fetch manifest d3-time-format@2 - 4
1182 silly packumentCache full:https://registry.npmjs.org/d3-time-format cache-miss
1183 http cache https://registry.npmjs.org/d3-time 10ms (cache hit)
1184 silly packumentCache full:https://registry.npmjs.org/d3-time set size:150406 disposed:false
1185 silly fetch manifest d3-path@^3.1.0
1186 silly packumentCache full:https://registry.npmjs.org/d3-path cache-miss
1187 http fetch GET 200 https://registry.npmjs.org/internmap 23ms (cache miss)
1188 silly packumentCache full:https://registry.npmjs.org/internmap set size:undefined disposed:false
1189 http fetch GET 200 https://registry.npmjs.org/@types%2fd3-color 40ms (cache miss)
1190 silly packumentCache full:https://registry.npmjs.org/@types%2fd3-color set size:undefined disposed:false
1191 http fetch GET 200 https://registry.npmjs.org/d3-color 40ms (cache miss)
1192 silly packumentCache full:https://registry.npmjs.org/d3-color set size:undefined disposed:false
1193 http fetch GET 200 https://registry.npmjs.org/d3-path 29ms (cache miss)
1194 silly packumentCache full:https://registry.npmjs.org/d3-path set size:undefined disposed:false
1195 http fetch GET 200 https://registry.npmjs.org/@types%2fd3-path 50ms (cache miss)
1196 silly packumentCache full:https://registry.npmjs.org/@types%2fd3-path set size:undefined disposed:false
1197 http fetch GET 200 https://registry.npmjs.org/d3-time-format 43ms (cache miss)
1198 silly packumentCache full:https://registry.npmjs.org/d3-time-format set size:undefined disposed:false
1199 http fetch GET 200 https://registry.npmjs.org/d3-format 56ms (cache miss)
1200 silly packumentCache full:https://registry.npmjs.org/d3-format set size:undefined disposed:false
1201 silly placeDep ROOT @types/d3-color@3.1.3 OK for: @types/d3-interpolate@3.0.4 want: *
1202 silly placeDep ROOT @types/d3-path@3.1.1 OK for: @types/d3-shape@3.2.0 want: *
1203 silly placeDep ROOT internmap@2.0.3 OK for: d3-array@3.2.4 want: 1 - 2
1204 silly placeDep ROOT d3-color@3.1.0 OK for: d3-interpolate@3.0.1 want: 1 - 3
1205 silly placeDep ROOT d3-format@3.1.2 OK for: d3-scale@4.0.2 want: 1 - 3
1206 silly placeDep ROOT d3-time-format@4.1.0 OK for: d3-scale@4.0.2 want: 2 - 4
1207 silly placeDep ROOT d3-path@3.1.0 OK for: d3-shape@3.2.0 want: ^3.1.0
1208 silly placeDep ROOT fsevents@2.3.3 OK for: vite@8.3.1 want: ~2.3.3
1209 silly placeDep node_modules/vite lightningcss@1.33.0 OK for: vite@8.3.1 want: ^1.33.0
1210 silly placeDep ROOT postcss@8.5.28 OK for: vite@8.3.1 want: ^8.5.28
1211 silly placeDep ROOT rolldown@1.2.11 OK for: vite@8.3.1 want: ~1.2.9
1212 silly fetch manifest lightningcss-darwin-x64@1.33.0
1213 silly packumentCache full:https://registry.npmjs.org/lightningcss-darwin-x64 cache-miss
1214 silly fetch manifest lightningcss-linux-x64-gnu@1.33.0
1215 silly packumentCache full:https://registry.npmjs.org/lightningcss-linux-x64-gnu cache-miss
1216 silly fetch manifest lightningcss-win32-x64-msvc@1.33.0
1217 silly packumentCache full:https://registry.npmjs.org/lightningcss-win32-x64-msvc cache-miss
1218 silly fetch manifest lightningcss-win32-arm64-msvc@1.33.0
1219 silly packumentCache full:https://registry.npmjs.org/lightningcss-win32-arm64-msvc cache-miss
1220 silly fetch manifest lightningcss-darwin-arm64@1.33.0
1221 silly packumentCache full:https://registry.npmjs.org/lightningcss-darwin-arm64 cache-miss
1222 silly fetch manifest lightningcss-linux-arm64-gnu@1.33.0
1223 silly packumentCache full:https://registry.npmjs.org/lightningcss-linux-arm64-gnu cache-miss
1224 silly fetch manifest lightningcss-linux-arm-gnueabihf@1.33.0
1225 silly packumentCache full:https://registry.npmjs.org/lightningcss-linux-arm-gnueabihf cache-miss
1226 http cache https://registry.npmjs.org/lightningcss-darwin-arm64 8ms (cache hit)
1227 silly packumentCache full:https://registry.npmjs.org/lightningcss-darwin-arm64 set size:80970 disposed:false
1228 silly fetch manifest lightningcss-linux-arm64-musl@1.33.0
1229 silly packumentCache full:https://registry.npmjs.org/lightningcss-linux-arm64-musl cache-miss
1230 http cache https://registry.npmjs.org/lightningcss-win32-arm64-msvc 10ms (cache hit)
1231 silly packumentCache full:https://registry.npmjs.org/lightningcss-win32-arm64-msvc set size:28346 disposed:false
1232 silly fetch manifest lightningcss-linux-x64-musl@1.33.0
1233 silly packumentCache full:https://registry.npmjs.org/lightningcss-linux-x64-musl cache-miss
1234 http cache https://registry.npmjs.org/lightningcss-linux-arm-gnueabihf 10ms (cache hit)
1235 silly packumentCache full:https://registry.npmjs.org/lightningcss-linux-arm-gnueabihf set size:82635 disposed:false
1236 silly fetch manifest lightningcss-freebsd-x64@1.33.0
1237 silly packumentCache full:https://registry.npmjs.org/lightningcss-freebsd-x64 cache-miss
1238 http cache https://registry.npmjs.org/lightningcss-linux-arm64-gnu 13ms (cache hit)
1239 silly packumentCache full:https://registry.npmjs.org/lightningcss-linux-arm64-gnu set size:82397 disposed:false
1240 silly fetch manifest lightningcss-android-arm64@1.33.0
1241 silly packumentCache full:https://registry.npmjs.org/lightningcss-android-arm64 cache-miss
1242 http cache https://registry.npmjs.org/lightningcss-win32-x64-msvc 14ms (cache hit)
1243 silly packumentCache full:https://registry.npmjs.org/lightningcss-win32-x64-msvc set size:81347 disposed:false
1244 silly fetch manifest nanoid@^3.3.18
1245 silly packumentCache full:https://registry.npmjs.org/nanoid cache-miss
1246 http cache https://registry.npmjs.org/lightningcss-darwin-x64 17ms (cache hit)
1247 silly packumentCache full:https://registry.npmjs.org/lightningcss-darwin-x64 set size:80374 disposed:false
1248 silly fetch manifest @oxc-project/types@=0.151.0
1249 silly packumentCache full:https://registry.npmjs.org/@oxc-project%2ftypes cache-miss
1250 http cache https://registry.npmjs.org/lightningcss-linux-x64-gnu 18ms (cache hit)
1251 silly packumentCache full:https://registry.npmjs.org/lightningcss-linux-x64-gnu set size:81819 disposed:false
1252 silly fetch manifest @rolldown/pluginutils@^1.0.0
1253 silly packumentCache full:https://registry.npmjs.org/@rolldown%2fpluginutils cache-miss
1254 http cache https://registry.npmjs.org/lightningcss-linux-x64-musl 14ms (cache hit)
1255 silly packumentCache full:https://registry.npmjs.org/lightningcss-linux-x64-musl set size:82032 disposed:false
1256 silly fetch manifest @rolldown/binding-darwin-x64@1.2.11
1257 silly packumentCache full:https://registry.npmjs.org/@rolldown%2fbinding-darwin-x64 cache-miss
1258 http cache https://registry.npmjs.org/lightningcss-linux-arm64-musl 18ms (cache hit)
1259 silly packumentCache full:https://registry.npmjs.org/lightningcss-linux-arm64-musl set size:82617 disposed:false
1260 silly fetch manifest @rolldown/binding-freebsd-x64@1.2.11
1261 silly packumentCache full:https://registry.npmjs.org/@rolldown%2fbinding-freebsd-x64 cache-miss
1262 http cache https://registry.npmjs.org/lightningcss-android-arm64 15ms (cache hit)
1263 silly packumentCache full:https://registry.npmjs.org/lightningcss-android-arm64 set size:9371 disposed:false
1264 silly fetch manifest @rolldown/binding-darwin-arm64@1.2.11
1265 silly packumentCache full:https://registry.npmjs.org/@rolldown%2fbinding-darwin-arm64 cache-miss
1266 http cache https://registry.npmjs.org/lightningcss-freebsd-x64 18ms (cache hit)
1267 silly packumentCache full:https://registry.npmjs.org/lightningcss-freebsd-x64 set size:44564 disposed:false
1268 silly fetch manifest @rolldown/binding-android-arm64@1.2.11
1269 silly packumentCache full:https://registry.npmjs.org/@rolldown%2fbinding-android-arm64 cache-miss
1270 http cache https://registry.npmjs.org/@rolldown%2fpluginutils 16ms (cache hit)
1271 silly packumentCache full:https://registry.npmjs.org/@rolldown%2fpluginutils set size:300388 disposed:false
1272 silly fetch manifest @rolldown/binding-linux-x64-gnu@1.2.11
1273 silly packumentCache full:https://registry.npmjs.org/@rolldown%2fbinding-linux-x64-gnu cache-miss
1274 http fetch GET 200 https://registry.npmjs.org/nanoid 36ms (cache miss)
1275 silly packumentCache full:https://registry.npmjs.org/nanoid set size:undefined disposed:false
1276 silly fetch manifest @rolldown/binding-linux-x64-musl@1.2.11
1277 silly packumentCache full:https://registry.npmjs.org/@rolldown%2fbinding-linux-x64-musl cache-miss
1278 http fetch GET 200 https://registry.npmjs.org/@rolldown%2fbinding-android-arm64 53ms (cache miss)
1279 silly packumentCache full:https://registry.npmjs.org/@rolldown%2fbinding-android-arm64 set size:undefined disposed:false
1280 silly fetch manifest @rolldown/binding-win32-x64-msvc@1.2.11
1281 silly packumentCache full:https://registry.npmjs.org/@rolldown%2fbinding-win32-x64-msvc cache-miss
1282 http fetch GET 200 https://registry.npmjs.org/@oxc-project%2ftypes 73ms (cache miss)
1283 silly packumentCache full:https://registry.npmjs.org/@oxc-project%2ftypes set size:undefined disposed:false
1284 silly fetch manifest @rolldown/binding-linux-arm64-gnu@1.2.11
1285 silly packumentCache full:https://registry.npmjs.org/@rolldown%2fbinding-linux-arm64-gnu cache-miss
1286 http fetch GET 200 https://registry.npmjs.org/@rolldown%2fbinding-freebsd-x64 78ms (cache miss)
1287 silly packumentCache full:https://registry.npmjs.org/@rolldown%2fbinding-freebsd-x64 set size:undefined disposed:false
1288 silly fetch manifest @rolldown/binding-linux-ppc64-gnu@1.2.11
1289 silly packumentCache full:https://registry.npmjs.org/@rolldown%2fbinding-linux-ppc64-gnu cache-miss
1290 http fetch GET 200 https://registry.npmjs.org/@rolldown%2fbinding-darwin-x64 99ms (cache miss)
1291 silly packumentCache full:https://registry.npmjs.org/@rolldown%2fbinding-darwin-x64 set size:undefined disposed:false
1292 silly fetch manifest @rolldown/binding-linux-s390x-gnu@1.2.11
1293 silly packumentCache full:https://registry.npmjs.org/@rolldown%2fbinding-linux-s390x-gnu cache-miss
1294 http fetch GET 200 https://registry.npmjs.org/@rolldown%2fbinding-linux-x64-musl 94ms (cache miss)
1295 silly packumentCache full:https://registry.npmjs.org/@rolldown%2fbinding-linux-x64-musl set size:undefined disposed:false
1296 silly fetch manifest @rolldown/binding-android-arm-eabi@1.2.11
1297 silly packumentCache full:https://registry.npmjs.org/@rolldown%2fbinding-android-arm-eabi cache-miss
1298 http fetch GET 200 https://registry.npmjs.org/@rolldown%2fbinding-linux-ppc64-gnu 54ms (cache miss)
1299 silly packumentCache full:https://registry.npmjs.org/@rolldown%2fbinding-linux-ppc64-gnu set size:undefined disposed:false
1300 silly fetch manifest @rolldown/binding-linux-arm64-musl@1.2.11
1301 silly packumentCache full:https://registry.npmjs.org/@rolldown%2fbinding-linux-arm64-musl cache-miss
1302 http fetch GET 200 https://registry.npmjs.org/@rolldown%2fbinding-linux-x64-gnu 147ms (cache miss)
1303 silly packumentCache full:https://registry.npmjs.org/@rolldown%2fbinding-linux-x64-gnu set size:undefined disposed:false
1304 silly fetch manifest @rolldown/binding-win32-arm64-msvc@1.2.11
1305 silly packumentCache full:https://registry.npmjs.org/@rolldown%2fbinding-win32-arm64-msvc cache-miss
1306 http fetch GET 200 https://registry.npmjs.org/@rolldown%2fbinding-linux-s390x-gnu 64ms (cache miss)
1307 silly packumentCache full:https://registry.npmjs.org/@rolldown%2fbinding-linux-s390x-gnu set size:undefined disposed:false
1308 silly fetch manifest @rolldown/binding-openharmony-arm64@1.2.11
1309 silly packumentCache full:https://registry.npmjs.org/@rolldown%2fbinding-openharmony-arm64 cache-miss
1310 http fetch GET 200 https://registry.npmjs.org/@rolldown%2fbinding-android-arm-eabi 44ms (cache miss)
1311 silly packumentCache full:https://registry.npmjs.org/@rolldown%2fbinding-android-arm-eabi set size:undefined disposed:false
1312 silly fetch manifest @rolldown/binding-linux-arm-gnueabihf@1.2.11
1313 silly packumentCache full:https://registry.npmjs.org/@rolldown%2fbinding-linux-arm-gnueabihf cache-miss
1314 http fetch GET 200 https://registry.npmjs.org/@rolldown%2fbinding-darwin-arm64 179ms (cache miss)
1315 silly packumentCache full:https://registry.npmjs.org/@rolldown%2fbinding-darwin-arm64 set size:undefined disposed:false
1316 http fetch GET 200 https://registry.npmjs.org/@rolldown%2fbinding-win32-x64-msvc 130ms (cache miss)
1317 silly packumentCache full:https://registry.npmjs.org/@rolldown%2fbinding-win32-x64-msvc set size:undefined disposed:false
1318 http fetch GET 200 https://registry.npmjs.org/@rolldown%2fbinding-linux-arm64-gnu 134ms (cache miss)
1319 silly packumentCache full:https://registry.npmjs.org/@rolldown%2fbinding-linux-arm64-gnu set size:undefined disposed:false
1320 http fetch GET 200 https://registry.npmjs.org/@rolldown%2fbinding-openharmony-arm64 39ms (cache miss)
1321 silly packumentCache full:https://registry.npmjs.org/@rolldown%2fbinding-openharmony-arm64 set size:undefined disposed:false
1322 http fetch GET 200 https://registry.npmjs.org/@rolldown%2fbinding-linux-arm-gnueabihf 82ms (cache miss)
1323 silly packumentCache full:https://registry.npmjs.org/@rolldown%2fbinding-linux-arm-gnueabihf set size:undefined disposed:false
1324 http fetch GET 200 https://registry.npmjs.org/@rolldown%2fbinding-linux-arm64-musl 124ms (cache miss)
1325 silly packumentCache full:https://registry.npmjs.org/@rolldown%2fbinding-linux-arm64-musl set size:undefined disposed:false
1326 http fetch GET 200 https://registry.npmjs.org/@rolldown%2fbinding-win32-arm64-msvc 119ms (cache miss)
1327 silly packumentCache full:https://registry.npmjs.org/@rolldown%2fbinding-win32-arm64-msvc set size:undefined disposed:false
1328 silly placeDep ROOT nanoid@3.3.19 OK for: postcss@8.5.28 want: ^3.3.18
1329 silly placeDep ROOT @oxc-project/types@0.151.0 OK for: rolldown@1.2.11 want: =0.151.0
1330 silly placeDep ROOT @rolldown/binding-android-arm-eabi@1.2.11 OK for: rolldown@1.2.11 want: 1.2.11
1331 silly placeDep ROOT @rolldown/binding-android-arm64@1.2.11 OK for: rolldown@1.2.11 want: 1.2.11
1332 silly placeDep ROOT @rolldown/binding-darwin-arm64@1.2.11 OK for: rolldown@1.2.11 want: 1.2.11
1333 silly placeDep ROOT @rolldown/binding-darwin-x64@1.2.11 OK for: rolldown@1.2.11 want: 1.2.11
1334 silly placeDep ROOT @rolldown/binding-freebsd-x64@1.2.11 OK for: rolldown@1.2.11 want: 1.2.11
1335 silly placeDep ROOT @rolldown/binding-linux-arm-gnueabihf@1.2.11 OK for: rolldown@1.2.11 want: 1.2.11
1336 silly placeDep ROOT @rolldown/binding-linux-arm64-gnu@1.2.11 OK for: rolldown@1.2.11 want: 1.2.11
1337 silly placeDep ROOT @rolldown/binding-linux-arm64-musl@1.2.11 OK for: rolldown@1.2.11 want: 1.2.11
1338 silly placeDep ROOT @rolldown/binding-linux-ppc64-gnu@1.2.11 OK for: rolldown@1.2.11 want: 1.2.11
1339 silly placeDep ROOT @rolldown/binding-linux-s390x-gnu@1.2.11 OK for: rolldown@1.2.11 want: 1.2.11
1340 silly placeDep ROOT @rolldown/binding-linux-x64-gnu@1.2.11 OK for: rolldown@1.2.11 want: 1.2.11
1341 silly placeDep ROOT @rolldown/binding-linux-x64-musl@1.2.11 OK for: rolldown@1.2.11 want: 1.2.11
1342 silly placeDep ROOT @rolldown/binding-openharmony-arm64@1.2.11 OK for: rolldown@1.2.11 want: 1.2.11
1343 silly placeDep ROOT @rolldown/binding-win32-arm64-msvc@1.2.11 OK for: rolldown@1.2.11 want: 1.2.11
1344 silly placeDep ROOT @rolldown/binding-win32-x64-msvc@1.2.11 OK for: rolldown@1.2.11 want: 1.2.11
1345 silly placeDep node_modules/rolldown @rolldown/pluginutils@1.0.1 OK for: rolldown@1.2.11 want: ^1.0.0
1346 silly placeDep node_modules/vite lightningcss-android-arm64@1.33.0 OK for: lightningcss@1.33.0 want: 1.33.0
1347 silly placeDep node_modules/vite lightningcss-darwin-arm64@1.33.0 OK for: lightningcss@1.33.0 want: 1.33.0
1348 silly placeDep node_modules/vite lightningcss-darwin-x64@1.33.0 OK for: lightningcss@1.33.0 want: 1.33.0
1349 silly placeDep node_modules/vite lightningcss-freebsd-x64@1.33.0 OK for: lightningcss@1.33.0 want: 1.33.0
1350 silly placeDep node_modules/vite lightningcss-linux-arm-gnueabihf@1.33.0 OK for: lightningcss@1.33.0 want: 1.33.0
1351 silly placeDep node_modules/vite lightningcss-linux-arm64-gnu@1.33.0 OK for: lightningcss@1.33.0 want: 1.33.0
1352 silly placeDep node_modules/vite lightningcss-linux-arm64-musl@1.33.0 OK for: lightningcss@1.33.0 want: 1.33.0
1353 silly placeDep node_modules/vite lightningcss-linux-x64-gnu@1.33.0 OK for: lightningcss@1.33.0 want: 1.33.0
1354 silly placeDep node_modules/vite lightningcss-linux-x64-musl@1.33.0 OK for: lightningcss@1.33.0 want: 1.33.0
1355 silly placeDep node_modules/vite lightningcss-win32-arm64-msvc@1.33.0 OK for: lightningcss@1.33.0 want: 1.33.0
1356 silly placeDep node_modules/vite lightningcss-win32-x64-msvc@1.33.0 OK for: lightningcss@1.33.0 want: 1.33.0
1357 silly reify moves {}
1358 silly audit bulk request {
1358 silly audit   '@supabase/supabase-js': [ '2.117.2' ],
1358 silly audit   '@tailwindcss/vite': [ '4.3.3' ],
1358 silly audit   vite: [ '8.3.1' ],
1358 silly audit   '@tanstack/react-router': [ '1.170.40' ],
1358 silly audit   react: [ '19.3.0' ],
1358 silly audit   'react-dom': [ '19.3.0' ],
1358 silly audit   '@tanstack/router-plugin': [ '1.168.41' ],
1358 silly audit   '@types/react': [ '19.3.0' ],
1358 silly audit   '@types/react-dom': [ '19.3.0' ],
1358 silly audit   '@vitejs/plugin-react': [ '5.2.0' ],
1358 silly audit   'framer-motion': [ '11.18.2' ],
1358 silly audit   'lucide-react': [ '0.468.0' ],
1358 silly audit   recharts: [ '2.15.4' ],
1358 silly audit   tailwindcss: [ '4.3.3' ],
1358 silly audit   typescript: [ '5.9.3' ],
1358 silly audit   '@supabase/auth-js': [ '2.117.2' ],
1358 silly audit   '@supabase/functions-js': [ '2.117.2' ],
1358 silly audit   '@supabase/postgrest-js': [ '2.117.2' ],
1358 silly audit   '@supabase/realtime-js': [ '2.117.2' ],
1358 silly audit   '@supabase/storage-js': [ '2.117.2' ],
1358 silly audit   tslib: [ '2.8.1' ],
1358 silly audit   '@supabase/phoenix': [ '0.4.5' ],
1358 silly audit   'iceberg-js': [ '0.8.1' ],
1358 silly audit   '@tailwindcss/node': [ '4.3.3' ],
1358 silly audit   '@tailwindcss/oxide': [ '4.3.3' ],
1358 silly audit   '@jridgewell/remapping': [ '2.3.5' ],
1358 silly audit   'enhanced-resolve': [ '5.26.0' ],
1358 silly audit   jiti: [ '2.7.0' ],
1358 silly audit   lightningcss: [ '1.32.0', '1.33.0' ],
1358 silly audit   'magic-string': [ '0.30.21' ],
1358 silly audit   'source-map-js': [ '1.2.1' ],
1358 silly audit   '@jridgewell/gen-mapping': [ '0.3.13' ],
1358 silly audit   '@jridgewell/trace-mapping': [ '0.3.31' ],
1358 silly audit   '@jridgewell/sourcemap-codec': [ '1.6.0' ],
1358 silly audit   '@jridgewell/resolve-uri': [ '3.1.2' ],
1358 silly audit   '@tailwindcss/oxide-android-arm64': [ '4.3.3' ],
1358 silly audit   '@tailwindcss/oxide-darwin-arm64': [ '4.3.3' ],
1358 silly audit   '@tailwindcss/oxide-darwin-x64': [ '4.3.3' ],
1358 silly audit   '@tailwindcss/oxide-freebsd-x64': [ '4.3.3' ],
1358 silly audit   '@tailwindcss/oxide-linux-arm-gnueabihf': [ '4.3.3' ],
1358 silly audit   '@tailwindcss/oxide-linux-arm64-gnu': [ '4.3.3' ],
1358 silly audit   '@tailwindcss/oxide-linux-arm64-musl': [ '4.3.3' ],
1358 silly audit   '@tailwindcss/oxide-linux-x64-gnu': [ '4.3.3' ],
1358 silly audit   '@tailwindcss/oxide-linux-x64-musl': [ '4.3.3' ],
1358 silly audit   '@tailwindcss/oxide-wasm32-wasi': [ '4.3.3' ],
1358 silly audit   '@tailwindcss/oxide-win32-arm64-msvc': [ '4.3.3' ],
1358 silly audit   '@tailwindcss/oxide-win32-x64-msvc': [ '4.3.3' ],
1358 silly audit   '@tanstack/history': [ '1.162.4' ],
1358 silly audit   '@tanstack/react-store': [ '0.11.2' ],
1358 silly audit   '@tanstack/router-core': [ '1.171.33' ],
1358 silly audit   isbot: [ '5.2.2' ],
1358 silly audit   '@tanstack/store': [ '0.11.2' ],
1358 silly audit   'use-sync-external-store': [ '1.7.0' ],
1358 silly audit   'cookie-es': [ '3.1.1' ],
1358 silly audit   seroval: [ '1.6.8' ],
1358 silly audit   'seroval-plugins': [ '1.6.8' ],
1358 silly audit   '@babel/core': [ '7.29.7' ],
1358 silly audit   '@babel/template': [ '7.29.7' ],
1358 silly audit   '@babel/types': [ '7.29.8' ],
1358 silly audit   '@tanstack/router-generator': [ '1.167.39' ],
1358 silly audit   '@tanstack/router-utils': [ '1.162.3' ],
1358 silly audit   chokidar: [ '5.0.0' ],
1358 silly audit   unplugin: [ '3.4.0' ],
1358 silly audit   zod: [ '4.6.5' ],
1358 silly audit   '@babel/code-frame': [ '7.29.7' ],
1358 silly audit   '@babel/generator': [ '7.29.8' ],
1358 silly audit   '@babel/helper-compilation-targets': [ '7.29.7' ],
1358 silly audit   '@babel/helper-module-transforms': [ '7.29.7' ],
1358 silly audit   '@babel/helpers': [ '7.29.7' ],
1358 silly audit   '@babel/parser': [ '7.29.9' ],
1358 silly audit   '@babel/traverse': [ '7.29.8' ],
1358 silly audit   'convert-source-map': [ '2.0.0' ],
1358 silly audit   debug: [ '4.4.3' ],
1358 silly audit   gensync: [ '1.0.0-beta.2' ],
1358 silly audit   json5: [ '2.2.3' ],
1358 silly audit   semver: [ '6.3.1' ],
1358 silly audit   '@babel/helper-validator-identifier': [ '7.29.7' ],
1358 silly audit   'js-tokens': [ '4.0.0' ],
1358 silly audit   picocolors: [ '1.1.1' ],
1358 silly audit   jsesc: [ '3.1.0' ],
1358 silly audit   '@babel/compat-data': [ '7.29.7' ],
1358 silly audit   '@babel/helper-validator-option': [ '7.29.7' ],
1358 silly audit   browserslist: [ '4.29.2' ],
1358 silly audit   'lru-cache': [ '5.1.1' ],
1358 silly audit   '@babel/helper-module-imports': [ '7.29.7' ],
1358 silly audit   '@babel/helper-globals': [ '7.29.7' ],
1358 silly audit   '@babel/helper-string-parser': [ '7.29.7' ],
1358 silly audit   '@tanstack/virtual-file-routes': [ '1.162.0' ],
1358 silly audit   prettier: [ '3.9.9' ],
1358 silly audit   ansis: [ '4.4.0' ],
1358 silly audit   'babel-dead-code-elimination': [ '1.0.12' ],
1358 silly audit   diff: [ '8.0.4' ],
1358 silly audit   pathe: [ '2.0.3' ],
1358 silly audit   tinyglobby: [ '0.2.17' ],
1358 silly audit   csstype: [ '3.2.3' ],
1358 silly audit   '@babel/plugin-transform-react-jsx-self': [ '7.29.7' ],
1358 silly audit   '@babel/plugin-transform-react-jsx-source': [ '7.29.7' ],
1358 silly audit   '@rolldown/pluginutils': [ '1.0.0-rc.3', '1.0.1' ],
1358 silly audit   '@types/babel__core': [ '7.20.5' ],
1358 silly audit   'react-refresh': [ '0.18.0' ],
1358 silly audit   '@babel/helper-plugin-utils': [ '7.29.7' ],
1358 silly audit   '@types/babel__generator': [ '7.27.0' ],
1358 silly audit   '@types/babel__template': [ '7.4.4' ],
1358 silly audit   '@types/babel__traverse': [ '7.28.0' ],
1358 silly audit   'baseline-browser-mapping': [ '2.11.26' ],
1358 silly audit   'caniuse-lite': [ '1.0.30001813' ],
1358 silly audit   'electron-to-chromium': [ '1.5.440' ],
1358 silly audit   'node-releases': [ '2.0.57' ],
1358 silly audit   'update-browserslist-db': [ '1.3.3' ],
1358 silly audit   readdirp: [ '5.1.1' ],
1358 silly audit   ms: [ '2.1.3' ],
1358 silly audit   'graceful-fs': [ '4.2.11' ],
1358 silly audit   tapable: [ '2.3.3' ],
1358 silly audit   'motion-dom': [ '11.18.1' ],
1358 silly audit   'motion-utils': [ '11.18.1' ],
1358 silly audit   'detect-libc': [ '2.1.2' ],
1358 silly audit   'lightningcss-android-arm64': [ '1.32.0', '1.33.0' ],
1358 silly audit   'lightningcss-darwin-arm64': [ '1.32.0', '1.33.0' ],
1358 silly audit   'lightningcss-darwin-x64': [ '1.32.0', '1.33.0' ],
1358 silly audit   'lightningcss-freebsd-x64': [ '1.32.0', '1.33.0' ],
1358 silly audit   'lightningcss-linux-arm-gnueabihf': [ '1.32.0', '1.33.0' ],
1358 silly audit   'lightningcss-linux-arm64-gnu': [ '1.32.0', '1.33.0' ],
1358 silly audit   'lightningcss-linux-arm64-musl': [ '1.32.0', '1.33.0' ],
1358 silly audit   'lightningcss-linux-x64-gnu': [ '1.32.0', '1.33.0' ],
1358 silly audit   'lightningcss-linux-x64-musl': [ '1.32.0', '1.33.0' ],
1358 silly audit   'lightningcss-win32-arm64-msvc': [ '1.32.0', '1.33.0' ],
1358 silly audit   'lightningcss-win32-x64-msvc': [ '1.32.0', '1.33.0' ],
1358 silly audit   yallist: [ '3.1.1' ],
1358 silly audit   scheduler: [ '0.28.0' ],
1358 silly audit   clsx: [ '2.1.1' ],
1358 silly audit   eventemitter3: [ '4.0.7' ],
1358 silly audit   lodash: [ '4.18.1' ],
1358 silly audit   'react-is': [ '18.3.1', '16.13.1' ],
1358 silly audit   'react-smooth': [ '4.0.4' ],
1358 silly audit   'recharts-scale': [ '0.4.5' ],
1358 silly audit   'tiny-invariant': [ '1.3.3' ],
1358 silly audit   'victory-vendor': [ '36.9.2' ],
1358 silly audit   'fast-equals': [ '5.4.3' ],
1358 silly audit   'prop-types': [ '15.8.1' ],
1358 silly audit   'react-transition-group': [ '4.4.5' ],
1358 silly audit   'loose-envify': [ '1.4.0' ],
1358 silly audit   'object-assign': [ '4.1.1' ],
1358 silly audit   '@babel/runtime': [ '7.29.7' ],
1358 silly audit   'dom-helpers': [ '5.2.1' ],
1358 silly audit   'decimal.js-light': [ '2.5.1' ],
1358 silly audit   fdir: [ '6.5.0' ],
1358 silly audit   picomatch: [ '4.0.7' ],
1358 silly audit   'webpack-virtual-modules': [ '0.6.2' ],
1358 silly audit   escalade: [ '3.2.0' ],
1358 silly audit   '@types/d3-array': [ '3.2.2' ],
1358 silly audit   '@types/d3-ease': [ '3.0.2' ],
1358 silly audit   '@types/d3-interpolate': [ '3.0.4' ],
1358 silly audit   '@types/d3-scale': [ '4.0.9' ],
1358 silly audit   '@types/d3-shape': [ '3.2.0' ],
1358 silly audit   '@types/d3-time': [ '3.0.4' ],
1358 silly audit   '@types/d3-timer': [ '3.0.2' ],
1358 silly audit   'd3-array': [ '3.2.4' ],
1358 silly audit   'd3-ease': [ '3.0.1' ],
1358 silly audit   'd3-interpolate': [ '3.0.1' ],
1358 silly audit   'd3-scale': [ '4.0.2' ],
1358 silly audit   'd3-shape': [ '3.2.0' ],
1358 silly audit   'd3-time': [ '3.1.0' ],
1358 silly audit   'd3-timer': [ '3.0.1' ],
1358 silly audit   '@types/d3-color': [ '3.1.3' ],
1358 silly audit   '@types/d3-path': [ '3.1.1' ],
1358 silly audit   internmap: [ '2.0.3' ],
1358 silly audit   'd3-color': [ '3.1.0' ],
1358 silly audit   'd3-format': [ '3.1.2' ],
1358 silly audit   'd3-time-format': [ '4.1.0' ],
1358 silly audit   'd3-path': [ '3.1.0' ],
1358 silly audit   fsevents: [ '2.3.3' ],
1358 silly audit   postcss: [ '8.5.28' ],
1358 silly audit   rolldown: [ '1.2.11' ],
1358 silly audit   nanoid: [ '3.3.19' ],
1358 silly audit   '@oxc-project/types': [ '0.151.0' ],
1358 silly audit   '@rolldown/binding-android-arm-eabi': [ '1.2.11' ],
1358 silly audit   '@rolldown/binding-android-arm64': [ '1.2.11' ],
1358 silly audit   '@rolldown/binding-darwin-arm64': [ '1.2.11' ],
1358 silly audit   '@rolldown/binding-darwin-x64': [ '1.2.11' ],
1358 silly audit   '@rolldown/binding-freebsd-x64': [ '1.2.11' ],
1358 silly audit   '@rolldown/binding-linux-arm-gnueabihf': [ '1.2.11' ],
1358 silly audit   '@rolldown/binding-linux-arm64-gnu': [ '1.2.11' ],
1358 silly audit   '@rolldown/binding-linux-arm64-musl': [ '1.2.11' ],
1358 silly audit   '@rolldown/binding-linux-ppc64-gnu': [ '1.2.11' ],
1358 silly audit   '@rolldown/binding-linux-s390x-gnu': [ '1.2.11' ],
1358 silly audit   '@rolldown/binding-linux-x64-gnu': [ '1.2.11' ],
1358 silly audit   '@rolldown/binding-linux-x64-musl': [ '1.2.11' ],
1358 silly audit   '@rolldown/binding-openharmony-arm64': [ '1.2.11' ],
1358 silly audit   '@rolldown/binding-win32-arm64-msvc': [ '1.2.11' ],
1358 silly audit   '@rolldown/binding-win32-x64-msvc': [ '1.2.11' ]
1358 silly audit }
1359 http cache @rolldown/binding-linux-x64-gnu@https://registry.npmjs.org/@rolldown/binding-linux-x64-gnu/-/binding-linux-x64-gnu-1.2.11.tgz 0ms (cache hit)
1360 http cache rolldown@https://registry.npmjs.org/rolldown/-/rolldown-1.2.11.tgz 0ms (cache hit)
1361 http cache postcss@https://registry.npmjs.org/postcss/-/postcss-8.5.28.tgz 0ms (cache hit)
1362 http cache @oxc-project/types@https://registry.npmjs.org/@oxc-project/types/-/types-0.151.0.tgz 0ms (cache hit)
1363 http cache d3-path@https://registry.npmjs.org/d3-path/-/d3-path-3.1.0.tgz 0ms (cache hit)
1364 http cache d3-time-format@https://registry.npmjs.org/d3-time-format/-/d3-time-format-4.1.0.tgz 0ms (cache hit)
1365 http cache d3-color@https://registry.npmjs.org/d3-color/-/d3-color-3.1.0.tgz 0ms (cache hit)
1366 http cache d3-format@https://registry.npmjs.org/d3-format/-/d3-format-3.1.2.tgz 0ms (cache hit)
1367 http cache nanoid@https://registry.npmjs.org/nanoid/-/nanoid-3.3.19.tgz 0ms (cache hit)
1368 http cache internmap@https://registry.npmjs.org/internmap/-/internmap-2.0.3.tgz 0ms (cache hit)
1369 http cache @types/d3-path@https://registry.npmjs.org/@types/d3-path/-/d3-path-3.1.1.tgz 0ms (cache hit)
1370 http cache @types/d3-color@https://registry.npmjs.org/@types/d3-color/-/d3-color-3.1.3.tgz 0ms (cache hit)
1371 http cache d3-timer@https://registry.npmjs.org/d3-timer/-/d3-timer-3.0.1.tgz 0ms (cache hit)
1372 http cache d3-time@https://registry.npmjs.org/d3-time/-/d3-time-3.1.0.tgz 0ms (cache hit)
1373 http cache d3-shape@https://registry.npmjs.org/d3-shape/-/d3-shape-3.2.0.tgz 0ms (cache hit)
1374 http cache d3-scale@https://registry.npmjs.org/d3-scale/-/d3-scale-4.0.2.tgz 0ms (cache hit)
1375 http cache d3-interpolate@https://registry.npmjs.org/d3-interpolate/-/d3-interpolate-3.0.1.tgz 0ms (cache hit)
1376 http cache d3-ease@https://registry.npmjs.org/d3-ease/-/d3-ease-3.0.1.tgz 0ms (cache hit)
1377 http cache @types/d3-timer@https://registry.npmjs.org/@types/d3-timer/-/d3-timer-3.0.2.tgz 0ms (cache hit)
1378 http cache d3-array@https://registry.npmjs.org/d3-array/-/d3-array-3.2.4.tgz 0ms (cache hit)
1379 http cache @types/d3-time@https://registry.npmjs.org/@types/d3-time/-/d3-time-3.0.4.tgz 0ms (cache hit)
1380 http cache @types/d3-shape@https://registry.npmjs.org/@types/d3-shape/-/d3-shape-3.2.0.tgz 0ms (cache hit)
1381 http cache @types/d3-scale@https://registry.npmjs.org/@types/d3-scale/-/d3-scale-4.0.9.tgz 0ms (cache hit)
1382 http cache @types/d3-interpolate@https://registry.npmjs.org/@types/d3-interpolate/-/d3-interpolate-3.0.4.tgz 0ms (cache hit)
1383 http cache @types/d3-array@https://registry.npmjs.org/@types/d3-array/-/d3-array-3.2.2.tgz 0ms (cache hit)
1384 http cache @types/d3-ease@https://registry.npmjs.org/@types/d3-ease/-/d3-ease-3.0.2.tgz 0ms (cache hit)
1385 http cache escalade@https://registry.npmjs.org/escalade/-/escalade-3.2.0.tgz 0ms (cache hit)
1386 http cache picomatch@https://registry.npmjs.org/picomatch/-/picomatch-4.0.7.tgz 0ms (cache hit)
1387 http cache fdir@https://registry.npmjs.org/fdir/-/fdir-6.5.0.tgz 0ms (cache hit)
1388 http cache decimal.js-light@https://registry.npmjs.org/decimal.js-light/-/decimal.js-light-2.5.1.tgz 0ms (cache hit)
1389 http cache dom-helpers@https://registry.npmjs.org/dom-helpers/-/dom-helpers-5.2.1.tgz 0ms (cache hit)
1390 http cache @babel/runtime@https://registry.npmjs.org/@babel/runtime/-/runtime-7.29.7.tgz 0ms (cache hit)
1391 http cache object-assign@https://registry.npmjs.org/object-assign/-/object-assign-4.1.1.tgz 0ms (cache hit)
1392 http cache webpack-virtual-modules@https://registry.npmjs.org/webpack-virtual-modules/-/webpack-virtual-modules-0.6.2.tgz 0ms (cache hit)
1393 http cache loose-envify@https://registry.npmjs.org/loose-envify/-/loose-envify-1.4.0.tgz 1ms (cache hit)
1394 http cache react-transition-group@https://registry.npmjs.org/react-transition-group/-/react-transition-group-4.4.5.tgz 0ms (cache hit)
1395 http cache fast-equals@https://registry.npmjs.org/fast-equals/-/fast-equals-5.4.3.tgz 0ms (cache hit)
1396 http cache prop-types@https://registry.npmjs.org/prop-types/-/prop-types-15.8.1.tgz 0ms (cache hit)
1397 http cache victory-vendor@https://registry.npmjs.org/victory-vendor/-/victory-vendor-36.9.2.tgz 0ms (cache hit)
1398 http cache tiny-invariant@https://registry.npmjs.org/tiny-invariant/-/tiny-invariant-1.3.3.tgz 0ms (cache hit)
1399 http cache recharts-scale@https://registry.npmjs.org/recharts-scale/-/recharts-scale-0.4.5.tgz 0ms (cache hit)
1400 http cache react-smooth@https://registry.npmjs.org/react-smooth/-/react-smooth-4.0.4.tgz 0ms (cache hit)
1401 http cache react-is@https://registry.npmjs.org/react-is/-/react-is-18.3.1.tgz 0ms (cache hit)
1402 http cache lodash@https://registry.npmjs.org/lodash/-/lodash-4.18.1.tgz 0ms (cache hit)
1403 http cache eventemitter3@https://registry.npmjs.org/eventemitter3/-/eventemitter3-4.0.7.tgz 0ms (cache hit)
1404 http cache clsx@https://registry.npmjs.org/clsx/-/clsx-2.1.1.tgz 0ms (cache hit)
1405 http cache scheduler@https://registry.npmjs.org/scheduler/-/scheduler-0.28.0.tgz 0ms (cache hit)
1406 http cache yallist@https://registry.npmjs.org/yallist/-/yallist-3.1.1.tgz 0ms (cache hit)
1407 http cache lightningcss-linux-x64-gnu@https://registry.npmjs.org/lightningcss-linux-x64-gnu/-/lightningcss-linux-x64-gnu-1.32.0.tgz 0ms (cache hit)
1408 http cache detect-libc@https://registry.npmjs.org/detect-libc/-/detect-libc-2.1.2.tgz 0ms (cache hit)
1409 http cache motion-utils@https://registry.npmjs.org/motion-utils/-/motion-utils-11.18.1.tgz 0ms (cache hit)
1410 http cache motion-dom@https://registry.npmjs.org/motion-dom/-/motion-dom-11.18.1.tgz 0ms (cache hit)
1411 http cache graceful-fs@https://registry.npmjs.org/graceful-fs/-/graceful-fs-4.2.11.tgz 0ms (cache hit)
1412 http cache tapable@https://registry.npmjs.org/tapable/-/tapable-2.3.3.tgz 0ms (cache hit)
1413 http cache ms@https://registry.npmjs.org/ms/-/ms-2.1.3.tgz 0ms (cache hit)
1414 http cache readdirp@https://registry.npmjs.org/readdirp/-/readdirp-5.1.1.tgz 0ms (cache hit)
1415 http cache update-browserslist-db@https://registry.npmjs.org/update-browserslist-db/-/update-browserslist-db-1.3.3.tgz 0ms (cache hit)
1416 http cache node-releases@https://registry.npmjs.org/node-releases/-/node-releases-2.0.57.tgz 0ms (cache hit)
1417 http cache electron-to-chromium@https://registry.npmjs.org/electron-to-chromium/-/electron-to-chromium-1.5.440.tgz 0ms (cache hit)
1418 http cache caniuse-lite@https://registry.npmjs.org/caniuse-lite/-/caniuse-lite-1.0.30001813.tgz 0ms (cache hit)
1419 http cache baseline-browser-mapping@https://registry.npmjs.org/baseline-browser-mapping/-/baseline-browser-mapping-2.11.26.tgz 0ms (cache hit)
1420 http cache @types/babel__traverse@https://registry.npmjs.org/@types/babel__traverse/-/babel__traverse-7.28.0.tgz 0ms (cache hit)
1421 http cache @types/babel__template@https://registry.npmjs.org/@types/babel__template/-/babel__template-7.4.4.tgz 0ms (cache hit)
1422 http cache @babel/helper-plugin-utils@https://registry.npmjs.org/@babel/helper-plugin-utils/-/helper-plugin-utils-7.29.7.tgz 0ms (cache hit)
1423 http cache @types/babel__generator@https://registry.npmjs.org/@types/babel__generator/-/babel__generator-7.27.0.tgz 0ms (cache hit)
1424 http cache react-refresh@https://registry.npmjs.org/react-refresh/-/react-refresh-0.18.0.tgz 0ms (cache hit)
1425 http cache @types/babel__core@https://registry.npmjs.org/@types/babel__core/-/babel__core-7.20.5.tgz 0ms (cache hit)
1426 http cache @rolldown/pluginutils@https://registry.npmjs.org/@rolldown/pluginutils/-/pluginutils-1.0.0-rc.3.tgz 0ms (cache hit)
1427 http cache @babel/plugin-transform-react-jsx-source@https://registry.npmjs.org/@babel/plugin-transform-react-jsx-source/-/plugin-transform-react-jsx-source-7.29.7.tgz 0ms (cache hit)
1428 http cache @babel/plugin-transform-react-jsx-self@https://registry.npmjs.org/@babel/plugin-transform-react-jsx-self/-/plugin-transform-react-jsx-self-7.29.7.tgz 0ms (cache hit)
1429 http cache tinyglobby@https://registry.npmjs.org/tinyglobby/-/tinyglobby-0.2.17.tgz 0ms (cache hit)
1430 http cache diff@https://registry.npmjs.org/diff/-/diff-8.0.4.tgz 0ms (cache hit)
1431 http cache pathe@https://registry.npmjs.org/pathe/-/pathe-2.0.3.tgz 0ms (cache hit)
1432 http cache csstype@https://registry.npmjs.org/csstype/-/csstype-3.2.3.tgz 0ms (cache hit)
1433 http cache babel-dead-code-elimination@https://registry.npmjs.org/babel-dead-code-elimination/-/babel-dead-code-elimination-1.0.12.tgz 0ms (cache hit)
1434 http cache ansis@https://registry.npmjs.org/ansis/-/ansis-4.4.0.tgz 0ms (cache hit)
1435 http cache prettier@https://registry.npmjs.org/prettier/-/prettier-3.9.9.tgz 0ms (cache hit)
1436 http cache @tanstack/virtual-file-routes@https://registry.npmjs.org/@tanstack/virtual-file-routes/-/virtual-file-routes-1.162.0.tgz 0ms (cache hit)
1437 http cache @babel/helper-string-parser@https://registry.npmjs.org/@babel/helper-string-parser/-/helper-string-parser-7.29.7.tgz 0ms (cache hit)
1438 http cache @babel/helper-globals@https://registry.npmjs.org/@babel/helper-globals/-/helper-globals-7.29.7.tgz 0ms (cache hit)
1439 http cache @babel/helper-module-imports@https://registry.npmjs.org/@babel/helper-module-imports/-/helper-module-imports-7.29.7.tgz 0ms (cache hit)
1440 http cache lru-cache@https://registry.npmjs.org/lru-cache/-/lru-cache-5.1.1.tgz 0ms (cache hit)
1441 http cache browserslist@https://registry.npmjs.org/browserslist/-/browserslist-4.29.2.tgz 0ms (cache hit)
1442 http cache @babel/helper-validator-option@https://registry.npmjs.org/@babel/helper-validator-option/-/helper-validator-option-7.29.7.tgz 0ms (cache hit)
1443 http cache @babel/compat-data@https://registry.npmjs.org/@babel/compat-data/-/compat-data-7.29.7.tgz 0ms (cache hit)
1444 http cache jsesc@https://registry.npmjs.org/jsesc/-/jsesc-3.1.0.tgz 0ms (cache hit)
1445 http cache picocolors@https://registry.npmjs.org/picocolors/-/picocolors-1.1.1.tgz 0ms (cache hit)
1446 http cache js-tokens@https://registry.npmjs.org/js-tokens/-/js-tokens-4.0.0.tgz 0ms (cache hit)
1447 http cache semver@https://registry.npmjs.org/semver/-/semver-6.3.1.tgz 0ms (cache hit)
1448 http cache @babel/helper-validator-identifier@https://registry.npmjs.org/@babel/helper-validator-identifier/-/helper-validator-identifier-7.29.7.tgz 0ms (cache hit)
1449 http cache json5@https://registry.npmjs.org/json5/-/json5-2.2.3.tgz 0ms (cache hit)
1450 http cache gensync@https://registry.npmjs.org/gensync/-/gensync-1.0.0-beta.2.tgz 0ms (cache hit)
1451 http cache debug@https://registry.npmjs.org/debug/-/debug-4.4.3.tgz 0ms (cache hit)
1452 http cache convert-source-map@https://registry.npmjs.org/convert-source-map/-/convert-source-map-2.0.0.tgz 0ms (cache hit)
1453 http cache @babel/parser@https://registry.npmjs.org/@babel/parser/-/parser-7.29.9.tgz 0ms (cache hit)
1454 http cache @babel/traverse@https://registry.npmjs.org/@babel/traverse/-/traverse-7.29.8.tgz 0ms (cache hit)
1455 http cache @babel/helpers@https://registry.npmjs.org/@babel/helpers/-/helpers-7.29.7.tgz 0ms (cache hit)
1456 http cache @babel/helper-module-transforms@https://registry.npmjs.org/@babel/helper-module-transforms/-/helper-module-transforms-7.29.7.tgz 0ms (cache hit)
1457 http cache @babel/helper-compilation-targets@https://registry.npmjs.org/@babel/helper-compilation-targets/-/helper-compilation-targets-7.29.7.tgz 0ms (cache hit)
1458 http cache @babel/generator@https://registry.npmjs.org/@babel/generator/-/generator-7.29.8.tgz 0ms (cache hit)
1459 http cache @babel/code-frame@https://registry.npmjs.org/@babel/code-frame/-/code-frame-7.29.7.tgz 0ms (cache hit)
1460 http cache zod@https://registry.npmjs.org/zod/-/zod-4.6.5.tgz 0ms (cache hit)
1461 http cache unplugin@https://registry.npmjs.org/unplugin/-/unplugin-3.4.0.tgz 0ms (cache hit)
1462 http cache chokidar@https://registry.npmjs.org/chokidar/-/chokidar-5.0.0.tgz 0ms (cache hit)
1463 http cache @tanstack/router-utils@https://registry.npmjs.org/@tanstack/router-utils/-/router-utils-1.162.3.tgz 0ms (cache hit)
1464 http cache @tanstack/router-generator@https://registry.npmjs.org/@tanstack/router-generator/-/router-generator-1.167.39.tgz 0ms (cache hit)
1465 http cache @babel/types@https://registry.npmjs.org/@babel/types/-/types-7.29.8.tgz 0ms (cache hit)
1466 http cache @babel/template@https://registry.npmjs.org/@babel/template/-/template-7.29.7.tgz 0ms (cache hit)
1467 http cache @babel/core@https://registry.npmjs.org/@babel/core/-/core-7.29.7.tgz 0ms (cache hit)
1468 http cache seroval-plugins@https://registry.npmjs.org/seroval-plugins/-/seroval-plugins-1.6.8.tgz 1ms (cache hit)
1469 http cache seroval@https://registry.npmjs.org/seroval/-/seroval-1.6.8.tgz 0ms (cache hit)
1470 http cache cookie-es@https://registry.npmjs.org/cookie-es/-/cookie-es-3.1.1.tgz 0ms (cache hit)
1471 http cache use-sync-external-store@https://registry.npmjs.org/use-sync-external-store/-/use-sync-external-store-1.7.0.tgz 0ms (cache hit)
1472 http cache @tanstack/store@https://registry.npmjs.org/@tanstack/store/-/store-0.11.2.tgz 0ms (cache hit)
1473 http cache isbot@https://registry.npmjs.org/isbot/-/isbot-5.2.2.tgz 0ms (cache hit)
1474 http cache @tanstack/router-core@https://registry.npmjs.org/@tanstack/router-core/-/router-core-1.171.33.tgz 0ms (cache hit)
1475 http cache @jridgewell/resolve-uri@https://registry.npmjs.org/@jridgewell/resolve-uri/-/resolve-uri-3.1.2.tgz 0ms (cache hit)
1476 http cache @tanstack/history@https://registry.npmjs.org/@tanstack/history/-/history-1.162.4.tgz 0ms (cache hit)
1477 http cache @tailwindcss/oxide-linux-x64-gnu@https://registry.npmjs.org/@tailwindcss/oxide-linux-x64-gnu/-/oxide-linux-x64-gnu-4.3.3.tgz 0ms (cache hit)
1478 http cache @jridgewell/sourcemap-codec@https://registry.npmjs.org/@jridgewell/sourcemap-codec/-/sourcemap-codec-1.6.0.tgz 0ms (cache hit)
1479 http cache @jridgewell/trace-mapping@https://registry.npmjs.org/@jridgewell/trace-mapping/-/trace-mapping-0.3.31.tgz 0ms (cache hit)
1480 http cache @jridgewell/gen-mapping@https://registry.npmjs.org/@jridgewell/gen-mapping/-/gen-mapping-0.3.13.tgz 0ms (cache hit)
1481 http cache @tanstack/react-store@https://registry.npmjs.org/@tanstack/react-store/-/react-store-0.11.2.tgz 0ms (cache hit)
1482 http cache source-map-js@https://registry.npmjs.org/source-map-js/-/source-map-js-1.2.1.tgz 0ms (cache hit)
1483 http cache magic-string@https://registry.npmjs.org/magic-string/-/magic-string-0.30.21.tgz 0ms (cache hit)
1484 http cache lightningcss@https://registry.npmjs.org/lightningcss/-/lightningcss-1.32.0.tgz 0ms (cache hit)
1485 http cache jiti@https://registry.npmjs.org/jiti/-/jiti-2.7.0.tgz 0ms (cache hit)
1486 http cache enhanced-resolve@https://registry.npmjs.org/enhanced-resolve/-/enhanced-resolve-5.26.0.tgz 0ms (cache hit)
1487 http cache @tailwindcss/oxide@https://registry.npmjs.org/@tailwindcss/oxide/-/oxide-4.3.3.tgz 0ms (cache hit)
1488 http cache @jridgewell/remapping@https://registry.npmjs.org/@jridgewell/remapping/-/remapping-2.3.5.tgz 0ms (cache hit)
1489 http cache @supabase/phoenix@https://registry.npmjs.org/@supabase/phoenix/-/phoenix-0.4.5.tgz 0ms (cache hit)
1490 http cache @tailwindcss/node@https://registry.npmjs.org/@tailwindcss/node/-/node-4.3.3.tgz 0ms (cache hit)
1491 http cache tslib@https://registry.npmjs.org/tslib/-/tslib-2.8.1.tgz 0ms (cache hit)
1492 http cache iceberg-js@https://registry.npmjs.org/iceberg-js/-/iceberg-js-0.8.1.tgz 0ms (cache hit)
1493 http cache @supabase/postgrest-js@https://registry.npmjs.org/@supabase/postgrest-js/-/postgrest-js-2.117.2.tgz 0ms (cache hit)
1494 http cache @supabase/realtime-js@https://registry.npmjs.org/@supabase/realtime-js/-/realtime-js-2.117.2.tgz 0ms (cache hit)
1495 http cache @supabase/functions-js@https://registry.npmjs.org/@supabase/functions-js/-/functions-js-2.117.2.tgz 0ms (cache hit)
1496 http cache @supabase/auth-js@https://registry.npmjs.org/@supabase/auth-js/-/auth-js-2.117.2.tgz 0ms (cache hit)
1497 http cache tailwindcss@https://registry.npmjs.org/tailwindcss/-/tailwindcss-4.3.3.tgz 0ms (cache hit)
1498 http cache typescript@https://registry.npmjs.org/typescript/-/typescript-5.9.3.tgz 0ms (cache hit)
1499 http cache recharts@https://registry.npmjs.org/recharts/-/recharts-2.15.4.tgz 0ms (cache hit)
1500 http cache lucide-react@https://registry.npmjs.org/lucide-react/-/lucide-react-0.468.0.tgz 0ms (cache hit)
1501 http cache framer-motion@https://registry.npmjs.org/framer-motion/-/framer-motion-11.18.2.tgz 0ms (cache hit)
1502 http cache @vitejs/plugin-react@https://registry.npmjs.org/@vitejs/plugin-react/-/plugin-react-5.2.0.tgz 0ms (cache hit)
1503 http cache @supabase/storage-js@https://registry.npmjs.org/@supabase/storage-js/-/storage-js-2.117.2.tgz 0ms (cache hit)
1504 http cache @types/react-dom@https://registry.npmjs.org/@types/react-dom/-/react-dom-19.3.0.tgz 0ms (cache hit)
1505 http cache @types/react@https://registry.npmjs.org/@types/react/-/react-19.3.0.tgz 0ms (cache hit)
1506 http cache @tanstack/router-plugin@https://registry.npmjs.org/@tanstack/router-plugin/-/router-plugin-1.168.41.tgz 0ms (cache hit)
1507 http cache react-dom@https://registry.npmjs.org/react-dom/-/react-dom-19.3.0.tgz 0ms (cache hit)
1508 http cache react@https://registry.npmjs.org/react/-/react-19.3.0.tgz 0ms (cache hit)
1509 http cache @tanstack/react-router@https://registry.npmjs.org/@tanstack/react-router/-/react-router-1.170.40.tgz 0ms (cache hit)
1510 http cache vite@https://registry.npmjs.org/vite/-/vite-8.3.1.tgz 0ms (cache hit)
1511 http cache @tailwindcss/vite@https://registry.npmjs.org/@tailwindcss/vite/-/vite-4.3.3.tgz 0ms (cache hit)
1512 http cache @supabase/supabase-js@https://registry.npmjs.org/@supabase/supabase-js/-/supabase-js-2.117.2.tgz 0ms (cache hit)
1513 http cache react-is@https://registry.npmjs.org/react-is/-/react-is-16.13.1.tgz 0ms (cache hit)
1514 http cache @rolldown/pluginutils@https://registry.npmjs.org/@rolldown/pluginutils/-/pluginutils-1.0.1.tgz 0ms (cache hit)
1515 http cache lightningcss-linux-x64-gnu@https://registry.npmjs.org/lightningcss-linux-x64-gnu/-/lightningcss-linux-x64-gnu-1.33.0.tgz 0ms (cache hit)
1516 silly tarball no local data for @rolldown/binding-linux-x64-gnu@https://registry.npmjs.org/@rolldown/binding-linux-x64-gnu/-/binding-linux-x64-gnu-1.2.11.tgz. Extracting by manifest.
1517 http cache lightningcss@https://registry.npmjs.org/lightningcss/-/lightningcss-1.33.0.tgz 0ms (cache hit)
1518 silly tarball no local data for rolldown@https://registry.npmjs.org/rolldown/-/rolldown-1.2.11.tgz. Extracting by manifest.
1519 silly tarball no local data for postcss@https://registry.npmjs.org/postcss/-/postcss-8.5.28.tgz. Extracting by manifest.
1520 silly tarball no local data for @oxc-project/types@https://registry.npmjs.org/@oxc-project/types/-/types-0.151.0.tgz. Extracting by manifest.
1521 silly tarball no local data for d3-path@https://registry.npmjs.org/d3-path/-/d3-path-3.1.0.tgz. Extracting by manifest.
1522 silly tarball no local data for d3-time-format@https://registry.npmjs.org/d3-time-format/-/d3-time-format-4.1.0.tgz. Extracting by manifest.
1523 silly tarball no local data for d3-color@https://registry.npmjs.org/d3-color/-/d3-color-3.1.0.tgz. Extracting by manifest.
1524 silly tarball no local data for d3-format@https://registry.npmjs.org/d3-format/-/d3-format-3.1.2.tgz. Extracting by manifest.
1525 silly tarball no local data for nanoid@https://registry.npmjs.org/nanoid/-/nanoid-3.3.19.tgz. Extracting by manifest.
1526 silly tarball no local data for internmap@https://registry.npmjs.org/internmap/-/internmap-2.0.3.tgz. Extracting by manifest.
1527 silly tarball no local data for @types/d3-path@https://registry.npmjs.org/@types/d3-path/-/d3-path-3.1.1.tgz. Extracting by manifest.
1528 silly tarball no local data for @types/d3-color@https://registry.npmjs.org/@types/d3-color/-/d3-color-3.1.3.tgz. Extracting by manifest.
1529 silly tarball no local data for d3-timer@https://registry.npmjs.org/d3-timer/-/d3-timer-3.0.1.tgz. Extracting by manifest.
1530 silly tarball no local data for d3-time@https://registry.npmjs.org/d3-time/-/d3-time-3.1.0.tgz. Extracting by manifest.
1531 silly tarball no local data for d3-shape@https://registry.npmjs.org/d3-shape/-/d3-shape-3.2.0.tgz. Extracting by manifest.
1532 silly tarball no local data for d3-scale@https://registry.npmjs.org/d3-scale/-/d3-scale-4.0.2.tgz. Extracting by manifest.
1533 silly tarball no local data for d3-interpolate@https://registry.npmjs.org/d3-interpolate/-/d3-interpolate-3.0.1.tgz. Extracting by manifest.
1534 silly tarball no local data for d3-ease@https://registry.npmjs.org/d3-ease/-/d3-ease-3.0.1.tgz. Extracting by manifest.
1535 silly tarball no local data for @types/d3-timer@https://registry.npmjs.org/@types/d3-timer/-/d3-timer-3.0.2.tgz. Extracting by manifest.
1536 silly tarball no local data for d3-array@https://registry.npmjs.org/d3-array/-/d3-array-3.2.4.tgz. Extracting by manifest.
1537 silly tarball no local data for @types/d3-time@https://registry.npmjs.org/@types/d3-time/-/d3-time-3.0.4.tgz. Extracting by manifest.
1538 silly tarball no local data for @types/d3-shape@https://registry.npmjs.org/@types/d3-shape/-/d3-shape-3.2.0.tgz. Extracting by manifest.
1539 silly tarball no local data for @types/d3-scale@https://registry.npmjs.org/@types/d3-scale/-/d3-scale-4.0.9.tgz. Extracting by manifest.
1540 silly tarball no local data for @types/d3-interpolate@https://registry.npmjs.org/@types/d3-interpolate/-/d3-interpolate-3.0.4.tgz. Extracting by manifest.
1541 silly tarball no local data for @types/d3-array@https://registry.npmjs.org/@types/d3-array/-/d3-array-3.2.2.tgz. Extracting by manifest.
1542 silly tarball no local data for @types/d3-ease@https://registry.npmjs.org/@types/d3-ease/-/d3-ease-3.0.2.tgz. Extracting by manifest.
1543 silly tarball no local data for escalade@https://registry.npmjs.org/escalade/-/escalade-3.2.0.tgz. Extracting by manifest.
1544 silly tarball no local data for picomatch@https://registry.npmjs.org/picomatch/-/picomatch-4.0.7.tgz. Extracting by manifest.
1545 silly tarball no local data for fdir@https://registry.npmjs.org/fdir/-/fdir-6.5.0.tgz. Extracting by manifest.
1546 silly tarball no local data for decimal.js-light@https://registry.npmjs.org/decimal.js-light/-/decimal.js-light-2.5.1.tgz. Extracting by manifest.
1547 silly tarball no local data for dom-helpers@https://registry.npmjs.org/dom-helpers/-/dom-helpers-5.2.1.tgz. Extracting by manifest.
1548 silly tarball no local data for @babel/runtime@https://registry.npmjs.org/@babel/runtime/-/runtime-7.29.7.tgz. Extracting by manifest.
1549 silly tarball no local data for object-assign@https://registry.npmjs.org/object-assign/-/object-assign-4.1.1.tgz. Extracting by manifest.
1550 silly tarball no local data for webpack-virtual-modules@https://registry.npmjs.org/webpack-virtual-modules/-/webpack-virtual-modules-0.6.2.tgz. Extracting by manifest.
1551 silly tarball no local data for loose-envify@https://registry.npmjs.org/loose-envify/-/loose-envify-1.4.0.tgz. Extracting by manifest.
1552 silly tarball no local data for react-transition-group@https://registry.npmjs.org/react-transition-group/-/react-transition-group-4.4.5.tgz. Extracting by manifest.
1553 silly tarball no local data for fast-equals@https://registry.npmjs.org/fast-equals/-/fast-equals-5.4.3.tgz. Extracting by manifest.
1554 silly tarball no local data for prop-types@https://registry.npmjs.org/prop-types/-/prop-types-15.8.1.tgz. Extracting by manifest.
1555 silly tarball no local data for victory-vendor@https://registry.npmjs.org/victory-vendor/-/victory-vendor-36.9.2.tgz. Extracting by manifest.
1556 silly tarball no local data for tiny-invariant@https://registry.npmjs.org/tiny-invariant/-/tiny-invariant-1.3.3.tgz. Extracting by manifest.
1557 silly tarball no local data for recharts-scale@https://registry.npmjs.org/recharts-scale/-/recharts-scale-0.4.5.tgz. Extracting by manifest.
1558 silly tarball no local data for react-smooth@https://registry.npmjs.org/react-smooth/-/react-smooth-4.0.4.tgz. Extracting by manifest.
1559 silly tarball no local data for react-is@https://registry.npmjs.org/react-is/-/react-is-18.3.1.tgz. Extracting by manifest.
1560 silly tarball no local data for lodash@https://registry.npmjs.org/lodash/-/lodash-4.18.1.tgz. Extracting by manifest.
1561 silly tarball no local data for eventemitter3@https://registry.npmjs.org/eventemitter3/-/eventemitter3-4.0.7.tgz. Extracting by manifest.
1562 silly tarball no local data for clsx@https://registry.npmjs.org/clsx/-/clsx-2.1.1.tgz. Extracting by manifest.
1563 silly tarball no local data for scheduler@https://registry.npmjs.org/scheduler/-/scheduler-0.28.0.tgz. Extracting by manifest.
1564 silly tarball no local data for yallist@https://registry.npmjs.org/yallist/-/yallist-3.1.1.tgz. Extracting by manifest.
1565 silly tarball no local data for lightningcss-linux-x64-gnu@https://registry.npmjs.org/lightningcss-linux-x64-gnu/-/lightningcss-linux-x64-gnu-1.32.0.tgz. Extracting by manifest.
1566 silly tarball no local data for detect-libc@https://registry.npmjs.org/detect-libc/-/detect-libc-2.1.2.tgz. Extracting by manifest.
1567 silly tarball no local data for motion-utils@https://registry.npmjs.org/motion-utils/-/motion-utils-11.18.1.tgz. Extracting by manifest.
1568 silly tarball no local data for motion-dom@https://registry.npmjs.org/motion-dom/-/motion-dom-11.18.1.tgz. Extracting by manifest.
1569 silly tarball no local data for graceful-fs@https://registry.npmjs.org/graceful-fs/-/graceful-fs-4.2.11.tgz. Extracting by manifest.
1570 silly tarball no local data for tapable@https://registry.npmjs.org/tapable/-/tapable-2.3.3.tgz. Extracting by manifest.
1571 silly tarball no local data for ms@https://registry.npmjs.org/ms/-/ms-2.1.3.tgz. Extracting by manifest.
1572 silly tarball no local data for readdirp@https://registry.npmjs.org/readdirp/-/readdirp-5.1.1.tgz. Extracting by manifest.
1573 silly tarball no local data for update-browserslist-db@https://registry.npmjs.org/update-browserslist-db/-/update-browserslist-db-1.3.3.tgz. Extracting by manifest.
1574 silly tarball no local data for node-releases@https://registry.npmjs.org/node-releases/-/node-releases-2.0.57.tgz. Extracting by manifest.
1575 silly tarball no local data for electron-to-chromium@https://registry.npmjs.org/electron-to-chromium/-/electron-to-chromium-1.5.440.tgz. Extracting by manifest.
1576 silly tarball no local data for caniuse-lite@https://registry.npmjs.org/caniuse-lite/-/caniuse-lite-1.0.30001813.tgz. Extracting by manifest.
1577 silly tarball no local data for baseline-browser-mapping@https://registry.npmjs.org/baseline-browser-mapping/-/baseline-browser-mapping-2.11.26.tgz. Extracting by manifest.
1578 silly tarball no local data for @types/babel__traverse@https://registry.npmjs.org/@types/babel__traverse/-/babel__traverse-7.28.0.tgz. Extracting by manifest.
1579 silly tarball no local data for @types/babel__template@https://registry.npmjs.org/@types/babel__template/-/babel__template-7.4.4.tgz. Extracting by manifest.
1580 silly tarball no local data for @babel/helper-plugin-utils@https://registry.npmjs.org/@babel/helper-plugin-utils/-/helper-plugin-utils-7.29.7.tgz. Extracting by manifest.
1581 silly tarball no local data for @types/babel__generator@https://registry.npmjs.org/@types/babel__generator/-/babel__generator-7.27.0.tgz. Extracting by manifest.
1582 silly tarball no local data for react-refresh@https://registry.npmjs.org/react-refresh/-/react-refresh-0.18.0.tgz. Extracting by manifest.
1583 silly tarball no local data for @types/babel__core@https://registry.npmjs.org/@types/babel__core/-/babel__core-7.20.5.tgz. Extracting by manifest.
1584 silly tarball no local data for @rolldown/pluginutils@https://registry.npmjs.org/@rolldown/pluginutils/-/pluginutils-1.0.0-rc.3.tgz. Extracting by manifest.
1585 silly tarball no local data for @babel/plugin-transform-react-jsx-source@https://registry.npmjs.org/@babel/plugin-transform-react-jsx-source/-/plugin-transform-react-jsx-source-7.29.7.tgz. Extracting by manifest.
1586 silly tarball no local data for @babel/plugin-transform-react-jsx-self@https://registry.npmjs.org/@babel/plugin-transform-react-jsx-self/-/plugin-transform-react-jsx-self-7.29.7.tgz. Extracting by manifest.
1587 silly tarball no local data for tinyglobby@https://registry.npmjs.org/tinyglobby/-/tinyglobby-0.2.17.tgz. Extracting by manifest.
1588 silly tarball no local data for diff@https://registry.npmjs.org/diff/-/diff-8.0.4.tgz. Extracting by manifest.
1589 silly tarball no local data for pathe@https://registry.npmjs.org/pathe/-/pathe-2.0.3.tgz. Extracting by manifest.
1590 silly tarball no local data for csstype@https://registry.npmjs.org/csstype/-/csstype-3.2.3.tgz. Extracting by manifest.
1591 silly tarball no local data for babel-dead-code-elimination@https://registry.npmjs.org/babel-dead-code-elimination/-/babel-dead-code-elimination-1.0.12.tgz. Extracting by manifest.
1592 silly tarball no local data for ansis@https://registry.npmjs.org/ansis/-/ansis-4.4.0.tgz. Extracting by manifest.
1593 silly tarball no local data for prettier@https://registry.npmjs.org/prettier/-/prettier-3.9.9.tgz. Extracting by manifest.
1594 silly tarball no local data for @tanstack/virtual-file-routes@https://registry.npmjs.org/@tanstack/virtual-file-routes/-/virtual-file-routes-1.162.0.tgz. Extracting by manifest.
1595 silly tarball no local data for @babel/helper-string-parser@https://registry.npmjs.org/@babel/helper-string-parser/-/helper-string-parser-7.29.7.tgz. Extracting by manifest.
1596 silly tarball no local data for @babel/helper-globals@https://registry.npmjs.org/@babel/helper-globals/-/helper-globals-7.29.7.tgz. Extracting by manifest.
1597 silly tarball no local data for @babel/helper-module-imports@https://registry.npmjs.org/@babel/helper-module-imports/-/helper-module-imports-7.29.7.tgz. Extracting by manifest.
1598 silly tarball no local data for lru-cache@https://registry.npmjs.org/lru-cache/-/lru-cache-5.1.1.tgz. Extracting by manifest.
1599 silly tarball no local data for browserslist@https://registry.npmjs.org/browserslist/-/browserslist-4.29.2.tgz. Extracting by manifest.
1600 silly tarball no local data for @babel/helper-validator-option@https://registry.npmjs.org/@babel/helper-validator-option/-/helper-validator-option-7.29.7.tgz. Extracting by manifest.
1601 silly tarball no local data for @babel/compat-data@https://registry.npmjs.org/@babel/compat-data/-/compat-data-7.29.7.tgz. Extracting by manifest.
1602 silly tarball no local data for jsesc@https://registry.npmjs.org/jsesc/-/jsesc-3.1.0.tgz. Extracting by manifest.
1603 silly tarball no local data for picocolors@https://registry.npmjs.org/picocolors/-/picocolors-1.1.1.tgz. Extracting by manifest.
1604 silly tarball no local data for js-tokens@https://registry.npmjs.org/js-tokens/-/js-tokens-4.0.0.tgz. Extracting by manifest.
1605 silly tarball no local data for semver@https://registry.npmjs.org/semver/-/semver-6.3.1.tgz. Extracting by manifest.
1606 silly tarball no local data for @babel/helper-validator-identifier@https://registry.npmjs.org/@babel/helper-validator-identifier/-/helper-validator-identifier-7.29.7.tgz. Extracting by manifest.
1607 silly tarball no local data for json5@https://registry.npmjs.org/json5/-/json5-2.2.3.tgz. Extracting by manifest.
1608 silly tarball no local data for gensync@https://registry.npmjs.org/gensync/-/gensync-1.0.0-beta.2.tgz. Extracting by manifest.
1609 silly tarball no local data for debug@https://registry.npmjs.org/debug/-/debug-4.4.3.tgz. Extracting by manifest.
1610 silly tarball no local data for convert-source-map@https://registry.npmjs.org/convert-source-map/-/convert-source-map-2.0.0.tgz. Extracting by manifest.
1611 silly tarball no local data for @babel/parser@https://registry.npmjs.org/@babel/parser/-/parser-7.29.9.tgz. Extracting by manifest.
1612 silly tarball no local data for @babel/traverse@https://registry.npmjs.org/@babel/traverse/-/traverse-7.29.8.tgz. Extracting by manifest.
1613 silly tarball no local data for @babel/helpers@https://registry.npmjs.org/@babel/helpers/-/helpers-7.29.7.tgz. Extracting by manifest.
1614 silly tarball no local data for @babel/helper-module-transforms@https://registry.npmjs.org/@babel/helper-module-transforms/-/helper-module-transforms-7.29.7.tgz. Extracting by manifest.
1615 silly tarball no local data for @babel/helper-compilation-targets@https://registry.npmjs.org/@babel/helper-compilation-targets/-/helper-compilation-targets-7.29.7.tgz. Extracting by manifest.
1616 silly tarball no local data for @babel/generator@https://registry.npmjs.org/@babel/generator/-/generator-7.29.8.tgz. Extracting by manifest.
1617 silly tarball no local data for @babel/code-frame@https://registry.npmjs.org/@babel/code-frame/-/code-frame-7.29.7.tgz. Extracting by manifest.
1618 silly tarball no local data for zod@https://registry.npmjs.org/zod/-/zod-4.6.5.tgz. Extracting by manifest.
1619 silly tarball no local data for unplugin@https://registry.npmjs.org/unplugin/-/unplugin-3.4.0.tgz. Extracting by manifest.
1620 silly tarball no local data for chokidar@https://registry.npmjs.org/chokidar/-/chokidar-5.0.0.tgz. Extracting by manifest.
1621 silly tarball no local data for @tanstack/router-utils@https://registry.npmjs.org/@tanstack/router-utils/-/router-utils-1.162.3.tgz. Extracting by manifest.
1622 silly tarball no local data for @tanstack/router-generator@https://registry.npmjs.org/@tanstack/router-generator/-/router-generator-1.167.39.tgz. Extracting by manifest.
1623 silly tarball no local data for @babel/types@https://registry.npmjs.org/@babel/types/-/types-7.29.8.tgz. Extracting by manifest.
1624 silly tarball no local data for @babel/template@https://registry.npmjs.org/@babel/template/-/template-7.29.7.tgz. Extracting by manifest.
1625 silly tarball no local data for @babel/core@https://registry.npmjs.org/@babel/core/-/core-7.29.7.tgz. Extracting by manifest.
1626 silly tarball no local data for seroval-plugins@https://registry.npmjs.org/seroval-plugins/-/seroval-plugins-1.6.8.tgz. Extracting by manifest.
1627 silly tarball no local data for seroval@https://registry.npmjs.org/seroval/-/seroval-1.6.8.tgz. Extracting by manifest.
1628 silly tarball no local data for cookie-es@https://registry.npmjs.org/cookie-es/-/cookie-es-3.1.1.tgz. Extracting by manifest.
1629 silly tarball no local data for use-sync-external-store@https://registry.npmjs.org/use-sync-external-store/-/use-sync-external-store-1.7.0.tgz. Extracting by manifest.
1630 silly tarball no local data for @tanstack/store@https://registry.npmjs.org/@tanstack/store/-/store-0.11.2.tgz. Extracting by manifest.
1631 silly tarball no local data for isbot@https://registry.npmjs.org/isbot/-/isbot-5.2.2.tgz. Extracting by manifest.
1632 silly tarball no local data for @tanstack/router-core@https://registry.npmjs.org/@tanstack/router-core/-/router-core-1.171.33.tgz. Extracting by manifest.
1633 silly tarball no local data for @jridgewell/resolve-uri@https://registry.npmjs.org/@jridgewell/resolve-uri/-/resolve-uri-3.1.2.tgz. Extracting by manifest.
1634 silly tarball no local data for @tanstack/history@https://registry.npmjs.org/@tanstack/history/-/history-1.162.4.tgz. Extracting by manifest.
1635 silly tarball no local data for @tailwindcss/oxide-linux-x64-gnu@https://registry.npmjs.org/@tailwindcss/oxide-linux-x64-gnu/-/oxide-linux-x64-gnu-4.3.3.tgz. Extracting by manifest.
1636 silly tarball no local data for @jridgewell/sourcemap-codec@https://registry.npmjs.org/@jridgewell/sourcemap-codec/-/sourcemap-codec-1.6.0.tgz. Extracting by manifest.
1637 silly tarball no local data for @jridgewell/trace-mapping@https://registry.npmjs.org/@jridgewell/trace-mapping/-/trace-mapping-0.3.31.tgz. Extracting by manifest.
1638 silly tarball no local data for @jridgewell/gen-mapping@https://registry.npmjs.org/@jridgewell/gen-mapping/-/gen-mapping-0.3.13.tgz. Extracting by manifest.
1639 silly tarball no local data for @tanstack/react-store@https://registry.npmjs.org/@tanstack/react-store/-/react-store-0.11.2.tgz. Extracting by manifest.
1640 silly tarball no local data for source-map-js@https://registry.npmjs.org/source-map-js/-/source-map-js-1.2.1.tgz. Extracting by manifest.
1641 silly tarball no local data for magic-string@https://registry.npmjs.org/magic-string/-/magic-string-0.30.21.tgz. Extracting by manifest.
1642 silly tarball no local data for lightningcss@https://registry.npmjs.org/lightningcss/-/lightningcss-1.32.0.tgz. Extracting by manifest.
1643 silly tarball no local data for jiti@https://registry.npmjs.org/jiti/-/jiti-2.7.0.tgz. Extracting by manifest.
1644 silly tarball no local data for enhanced-resolve@https://registry.npmjs.org/enhanced-resolve/-/enhanced-resolve-5.26.0.tgz. Extracting by manifest.
1645 silly tarball no local data for @tailwindcss/oxide@https://registry.npmjs.org/@tailwindcss/oxide/-/oxide-4.3.3.tgz. Extracting by manifest.
1646 silly tarball no local data for @jridgewell/remapping@https://registry.npmjs.org/@jridgewell/remapping/-/remapping-2.3.5.tgz. Extracting by manifest.
1647 silly tarball no local data for @supabase/phoenix@https://registry.npmjs.org/@supabase/phoenix/-/phoenix-0.4.5.tgz. Extracting by manifest.
1648 silly tarball no local data for @tailwindcss/node@https://registry.npmjs.org/@tailwindcss/node/-/node-4.3.3.tgz. Extracting by manifest.
1649 silly tarball no local data for tslib@https://registry.npmjs.org/tslib/-/tslib-2.8.1.tgz. Extracting by manifest.
1650 silly tarball no local data for iceberg-js@https://registry.npmjs.org/iceberg-js/-/iceberg-js-0.8.1.tgz. Extracting by manifest.
1651 silly tarball no local data for @supabase/postgrest-js@https://registry.npmjs.org/@supabase/postgrest-js/-/postgrest-js-2.117.2.tgz. Extracting by manifest.
1652 silly tarball no local data for @supabase/realtime-js@https://registry.npmjs.org/@supabase/realtime-js/-/realtime-js-2.117.2.tgz. Extracting by manifest.
1653 silly tarball no local data for @supabase/functions-js@https://registry.npmjs.org/@supabase/functions-js/-/functions-js-2.117.2.tgz. Extracting by manifest.
1654 silly tarball no local data for @supabase/auth-js@https://registry.npmjs.org/@supabase/auth-js/-/auth-js-2.117.2.tgz. Extracting by manifest.
1655 silly tarball no local data for tailwindcss@https://registry.npmjs.org/tailwindcss/-/tailwindcss-4.3.3.tgz. Extracting by manifest.
1656 silly tarball no local data for typescript@https://registry.npmjs.org/typescript/-/typescript-5.9.3.tgz. Extracting by manifest.
1657 silly tarball no local data for recharts@https://registry.npmjs.org/recharts/-/recharts-2.15.4.tgz. Extracting by manifest.
1658 silly tarball no local data for lucide-react@https://registry.npmjs.org/lucide-react/-/lucide-react-0.468.0.tgz. Extracting by manifest.
1659 silly tarball no local data for framer-motion@https://registry.npmjs.org/framer-motion/-/framer-motion-11.18.2.tgz. Extracting by manifest.
1660 silly tarball no local data for @vitejs/plugin-react@https://registry.npmjs.org/@vitejs/plugin-react/-/plugin-react-5.2.0.tgz. Extracting by manifest.
1661 silly tarball no local data for @supabase/storage-js@https://registry.npmjs.org/@supabase/storage-js/-/storage-js-2.117.2.tgz. Extracting by manifest.
1662 silly tarball no local data for @types/react-dom@https://registry.npmjs.org/@types/react-dom/-/react-dom-19.3.0.tgz. Extracting by manifest.
1663 silly tarball no local data for @types/react@https://registry.npmjs.org/@types/react/-/react-19.3.0.tgz. Extracting by manifest.
1664 silly tarball no local data for @tanstack/router-plugin@https://registry.npmjs.org/@tanstack/router-plugin/-/router-plugin-1.168.41.tgz. Extracting by manifest.
1665 silly tarball no local data for react-dom@https://registry.npmjs.org/react-dom/-/react-dom-19.3.0.tgz. Extracting by manifest.
1666 silly tarball no local data for react@https://registry.npmjs.org/react/-/react-19.3.0.tgz. Extracting by manifest.
1667 silly tarball no local data for @tanstack/react-router@https://registry.npmjs.org/@tanstack/react-router/-/react-router-1.170.40.tgz. Extracting by manifest.
1668 silly tarball no local data for vite@https://registry.npmjs.org/vite/-/vite-8.3.1.tgz. Extracting by manifest.
1669 silly tarball no local data for @tailwindcss/vite@https://registry.npmjs.org/@tailwindcss/vite/-/vite-4.3.3.tgz. Extracting by manifest.
1670 silly tarball no local data for @supabase/supabase-js@https://registry.npmjs.org/@supabase/supabase-js/-/supabase-js-2.117.2.tgz. Extracting by manifest.
1671 silly tarball no local data for react-is@https://registry.npmjs.org/react-is/-/react-is-16.13.1.tgz. Extracting by manifest.
1672 silly tarball no local data for @rolldown/pluginutils@https://registry.npmjs.org/@rolldown/pluginutils/-/pluginutils-1.0.1.tgz. Extracting by manifest.
1673 silly tarball no local data for lightningcss-linux-x64-gnu@https://registry.npmjs.org/lightningcss-linux-x64-gnu/-/lightningcss-linux-x64-gnu-1.33.0.tgz. Extracting by manifest.
1674 silly tarball no local data for lightningcss@https://registry.npmjs.org/lightningcss/-/lightningcss-1.33.0.tgz. Extracting by manifest.
1675 http fetch POST 200 https://registry.npmjs.org/-/npm/v1/security/advisories/bulk 312ms
1676 silly audit report {}
1677 http fetch GET 200 https://registry.npmjs.org/d3-path/-/d3-path-3.1.0.tgz 403ms (cache miss)
1678 http fetch GET 200 https://registry.npmjs.org/@oxc-project/types/-/types-0.151.0.tgz 419ms (cache miss)
1679 http fetch GET 200 https://registry.npmjs.org/@types/d3-timer/-/d3-timer-3.0.2.tgz 477ms (cache miss)
1680 http fetch GET 200 https://registry.npmjs.org/@types/d3-color/-/d3-color-3.1.3.tgz 481ms (cache miss)
1681 http fetch GET 200 https://registry.npmjs.org/@types/d3-time/-/d3-time-3.0.4.tgz 477ms (cache miss)
1682 http fetch GET 200 https://registry.npmjs.org/@types/d3-array/-/d3-array-3.2.2.tgz 499ms (cache miss)
1683 http fetch GET 200 https://registry.npmjs.org/internmap/-/internmap-2.0.3.tgz 535ms (cache miss)
1684 http fetch GET 200 https://registry.npmjs.org/@types/d3-ease/-/d3-ease-3.0.2.tgz 546ms (cache miss)
1685 http fetch GET 200 https://registry.npmjs.org/@types/d3-shape/-/d3-shape-3.2.0.tgz 558ms (cache miss)
1686 http fetch GET 200 https://registry.npmjs.org/@types/d3-path/-/d3-path-3.1.1.tgz 563ms (cache miss)
1687 http fetch GET 200 https://registry.npmjs.org/@types/d3-interpolate/-/d3-interpolate-3.0.4.tgz 568ms (cache miss)
1688 http fetch GET 200 https://registry.npmjs.org/object-assign/-/object-assign-4.1.1.tgz 564ms (cache miss)
1689 http fetch GET 200 https://registry.npmjs.org/escalade/-/escalade-3.2.0.tgz 581ms (cache miss)
1690 http fetch GET 200 https://registry.npmjs.org/d3-timer/-/d3-timer-3.0.1.tgz 589ms (cache miss)
1691 http fetch GET 200 https://registry.npmjs.org/webpack-virtual-modules/-/webpack-virtual-modules-0.6.2.tgz 580ms (cache miss)
1692 http fetch GET 200 https://registry.npmjs.org/scheduler/-/scheduler-0.28.0.tgz 575ms (cache miss)
1693 http fetch GET 200 https://registry.npmjs.org/tiny-invariant/-/tiny-invariant-1.3.3.tgz 594ms (cache miss)
1694 http fetch GET 200 https://registry.npmjs.org/react-is/-/react-is-18.3.1.tgz 594ms (cache miss)
1695 http fetch GET 200 https://registry.npmjs.org/clsx/-/clsx-2.1.1.tgz 608ms (cache miss)
1696 http fetch GET 200 https://registry.npmjs.org/motion-utils/-/motion-utils-11.18.1.tgz 607ms (cache miss)
1697 http fetch GET 200 https://registry.npmjs.org/yallist/-/yallist-3.1.1.tgz 620ms (cache miss)
1698 http fetch GET 200 https://registry.npmjs.org/graceful-fs/-/graceful-fs-4.2.11.tgz 631ms (cache miss)
1699 http fetch GET 200 https://registry.npmjs.org/update-browserslist-db/-/update-browserslist-db-1.3.3.tgz 629ms (cache miss)
1700 http fetch GET 200 https://registry.npmjs.org/node-releases/-/node-releases-2.0.57.tgz 629ms (cache miss)
1701 http fetch GET 200 https://registry.npmjs.org/readdirp/-/readdirp-5.1.1.tgz 631ms (cache miss)
1702 http fetch GET 200 https://registry.npmjs.org/loose-envify/-/loose-envify-1.4.0.tgz 663ms (cache miss)
1703 http fetch GET 200 https://registry.npmjs.org/@types/babel__template/-/babel__template-7.4.4.tgz 676ms (cache miss)
1704 http fetch GET 200 https://registry.npmjs.org/ms/-/ms-2.1.3.tgz 680ms (cache miss)
1705 http fetch GET 200 https://registry.npmjs.org/@babel/helper-plugin-utils/-/helper-plugin-utils-7.29.7.tgz 677ms (cache miss)
1706 http fetch GET 200 https://registry.npmjs.org/react-refresh/-/react-refresh-0.18.0.tgz 676ms (cache miss)
1707 http fetch GET 200 https://registry.npmjs.org/tinyglobby/-/tinyglobby-0.2.17.tgz 675ms (cache miss)
1708 http fetch GET 200 https://registry.npmjs.org/fdir/-/fdir-6.5.0.tgz 713ms (cache miss)
1709 http fetch GET 200 https://registry.npmjs.org/@rolldown/pluginutils/-/pluginutils-1.0.0-rc.3.tgz 700ms (cache miss)
1710 http fetch GET 200 https://registry.npmjs.org/@types/babel__generator/-/babel__generator-7.27.0.tgz 717ms (cache miss)
1711 http fetch GET 200 https://registry.npmjs.org/@babel/plugin-transform-react-jsx-source/-/plugin-transform-react-jsx-source-7.29.7.tgz 717ms (cache miss)
1712 http fetch GET 200 https://registry.npmjs.org/@babel/plugin-transform-react-jsx-self/-/plugin-transform-react-jsx-self-7.29.7.tgz 716ms (cache miss)
1713 http fetch GET 200 https://registry.npmjs.org/ansis/-/ansis-4.4.0.tgz 735ms (cache miss)
1714 http fetch GET 200 https://registry.npmjs.org/babel-dead-code-elimination/-/babel-dead-code-elimination-1.0.12.tgz 735ms (cache miss)
1715 http fetch GET 200 https://registry.npmjs.org/@babel/helper-validator-option/-/helper-validator-option-7.29.7.tgz 733ms (cache miss)
1716 http fetch GET 200 https://registry.npmjs.org/@types/babel__core/-/babel__core-7.20.5.tgz 751ms (cache miss)
1717 http fetch GET 200 https://registry.npmjs.org/lru-cache/-/lru-cache-5.1.1.tgz 761ms (cache miss)
1718 http fetch GET 200 https://registry.npmjs.org/picocolors/-/picocolors-1.1.1.tgz 760ms (cache miss)
1719 http fetch GET 200 https://registry.npmjs.org/@types/babel__traverse/-/babel__traverse-7.28.0.tgz 779ms (cache miss)
1720 http fetch GET 200 https://registry.npmjs.org/@babel/compat-data/-/compat-data-7.29.7.tgz 771ms (cache miss)
1721 http fetch GET 200 https://registry.npmjs.org/@babel/helper-globals/-/helper-globals-7.29.7.tgz 773ms (cache miss)
1722 http fetch GET 200 https://registry.npmjs.org/gensync/-/gensync-1.0.0-beta.2.tgz 770ms (cache miss)
1723 http fetch GET 200 https://registry.npmjs.org/electron-to-chromium/-/electron-to-chromium-1.5.440.tgz 790ms (cache miss)
1724 http fetch GET 200 https://registry.npmjs.org/js-tokens/-/js-tokens-4.0.0.tgz 779ms (cache miss)
1725 http fetch GET 200 https://registry.npmjs.org/browserslist/-/browserslist-4.29.2.tgz 788ms (cache miss)
1726 http fetch GET 200 https://registry.npmjs.org/debug/-/debug-4.4.3.tgz 785ms (cache miss)
1727 http fetch GET 200 https://registry.npmjs.org/@babel/helper-string-parser/-/helper-string-parser-7.29.7.tgz 797ms (cache miss)
1728 http fetch GET 200 https://registry.npmjs.org/jsesc/-/jsesc-3.1.0.tgz 795ms (cache miss)
1729 http fetch GET 200 https://registry.npmjs.org/baseline-browser-mapping/-/baseline-browser-mapping-2.11.26.tgz 811ms (cache miss)
1730 http fetch GET 200 https://registry.npmjs.org/chokidar/-/chokidar-5.0.0.tgz 796ms (cache miss)
1731 http fetch GET 200 https://registry.npmjs.org/convert-source-map/-/convert-source-map-2.0.0.tgz 800ms (cache miss)
1732 http fetch GET 200 https://registry.npmjs.org/seroval-plugins/-/seroval-plugins-1.6.8.tgz 794ms (cache miss)
1733 http fetch GET 200 https://registry.npmjs.org/d3-ease/-/d3-ease-3.0.1.tgz 836ms (cache miss)
1734 http fetch GET 200 https://registry.npmjs.org/@babel/helper-compilation-targets/-/helper-compilation-targets-7.29.7.tgz 805ms (cache miss)
1735 http fetch GET 200 https://registry.npmjs.org/use-sync-external-store/-/use-sync-external-store-1.7.0.tgz 800ms (cache miss)
1736 http fetch GET 200 https://registry.npmjs.org/semver/-/semver-6.3.1.tgz 815ms (cache miss)
1737 http fetch GET 200 https://registry.npmjs.org/eventemitter3/-/eventemitter3-4.0.7.tgz 837ms (cache miss)
1738 http fetch GET 200 https://registry.npmjs.org/@babel/code-frame/-/code-frame-7.29.7.tgz 821ms (cache miss)
1739 http fetch GET 200 https://registry.npmjs.org/@babel/helper-validator-identifier/-/helper-validator-identifier-7.29.7.tgz 831ms (cache miss)
1740 http fetch GET 200 https://registry.npmjs.org/cookie-es/-/cookie-es-3.1.1.tgz 824ms (cache miss)
1741 http fetch GET 200 https://registry.npmjs.org/isbot/-/isbot-5.2.2.tgz 823ms (cache miss)
1742 http fetch GET 200 https://registry.npmjs.org/@jridgewell/resolve-uri/-/resolve-uri-3.1.2.tgz 823ms (cache miss)
1743 http fetch GET 200 https://registry.npmjs.org/@tanstack/react-store/-/react-store-0.11.2.tgz 826ms (cache miss)
1744 http fetch GET 200 https://registry.npmjs.org/@tailwindcss/oxide/-/oxide-4.3.3.tgz 825ms (cache miss)
1745 http fetch GET 200 https://registry.npmjs.org/detect-libc/-/detect-libc-2.1.2.tgz 860ms (cache miss)
1746 http fetch GET 200 https://registry.npmjs.org/@babel/helper-module-imports/-/helper-module-imports-7.29.7.tgz 848ms (cache miss)
1747 http fetch GET 200 https://registry.npmjs.org/@jridgewell/remapping/-/remapping-2.3.5.tgz 841ms (cache miss)
1748 http fetch GET 200 https://registry.npmjs.org/d3-color/-/d3-color-3.1.0.tgz 897ms (cache miss)
1749 http fetch GET 200 https://registry.npmjs.org/@types/react-dom/-/react-dom-19.3.0.tgz 845ms (cache miss)
1750 http fetch GET 200 https://registry.npmjs.org/nanoid/-/nanoid-3.3.19.tgz 903ms (cache miss)
1751 http fetch GET 200 https://registry.npmjs.org/prop-types/-/prop-types-15.8.1.tgz 895ms (cache miss)
1752 http fetch GET 200 https://registry.npmjs.org/@vitejs/plugin-react/-/plugin-react-5.2.0.tgz 855ms (cache miss)
1753 http fetch GET 200 https://registry.npmjs.org/react-is/-/react-is-16.13.1.tgz 852ms (cache miss)
1754 http fetch GET 200 https://registry.npmjs.org/@tailwindcss/vite/-/vite-4.3.3.tgz 852ms (cache miss)
1755 http fetch GET 200 https://registry.npmjs.org/tslib/-/tslib-2.8.1.tgz 863ms (cache miss)
1756 http fetch GET 200 https://registry.npmjs.org/picomatch/-/picomatch-4.0.7.tgz 907ms (cache miss)
1757 http fetch GET 200 https://registry.npmjs.org/@rolldown/pluginutils/-/pluginutils-1.0.1.tgz 858ms (cache miss)
1758 http fetch GET 200 https://registry.npmjs.org/pathe/-/pathe-2.0.3.tgz 902ms (cache miss)
1759 http fetch GET 200 https://registry.npmjs.org/@types/d3-scale/-/d3-scale-4.0.9.tgz 928ms (cache miss)
1760 http fetch GET 200 https://registry.npmjs.org/@tailwindcss/node/-/node-4.3.3.tgz 909ms (cache miss)
1761 http fetch GET 200 https://registry.npmjs.org/@tanstack/history/-/history-1.162.4.tgz 919ms (cache miss)
1762 http fetch GET 200 https://registry.npmjs.org/iceberg-js/-/iceberg-js-0.8.1.tgz 917ms (cache miss)
1763 http fetch GET 200 https://registry.npmjs.org/decimal.js-light/-/decimal.js-light-2.5.1.tgz 970ms (cache miss)
1764 http fetch GET 200 https://registry.npmjs.org/d3-time/-/d3-time-3.1.0.tgz 984ms (cache miss)
1765 http fetch GET 200 https://registry.npmjs.org/recharts-scale/-/recharts-scale-0.4.5.tgz 978ms (cache miss)
1766 http fetch GET 200 https://registry.npmjs.org/tapable/-/tapable-2.3.3.tgz 977ms (cache miss)
1767 http fetch GET 200 https://registry.npmjs.org/@babel/helper-module-transforms/-/helper-module-transforms-7.29.7.tgz 976ms (cache miss)
1768 http fetch GET 200 https://registry.npmjs.org/@babel/template/-/template-7.29.7.tgz 989ms (cache miss)
1769 http fetch GET 200 https://registry.npmjs.org/source-map-js/-/source-map-js-1.2.1.tgz 989ms (cache miss)
1770 http fetch GET 200 https://registry.npmjs.org/json5/-/json5-2.2.3.tgz 1005ms (cache miss)
1771 http fetch GET 200 https://registry.npmjs.org/magic-string/-/magic-string-0.30.21.tgz 1000ms (cache miss)
1772 http fetch GET 200 https://registry.npmjs.org/d3-scale/-/d3-scale-4.0.2.tgz 1048ms (cache miss)
1773 http fetch GET 200 https://registry.npmjs.org/@types/react/-/react-19.3.0.tgz 998ms (cache miss)
1774 http fetch GET 200 https://registry.npmjs.org/d3-interpolate/-/d3-interpolate-3.0.1.tgz 1051ms (cache miss)
1775 http fetch GET 200 https://registry.npmjs.org/seroval/-/seroval-1.6.8.tgz 1029ms (cache miss)
1776 http fetch GET 200 https://registry.npmjs.org/fast-equals/-/fast-equals-5.4.3.tgz 1072ms (cache miss)
1777 http fetch GET 200 https://registry.npmjs.org/lightningcss/-/lightningcss-1.32.0.tgz 1047ms (cache miss)
1778 http fetch GET 200 https://registry.npmjs.org/unplugin/-/unplugin-3.4.0.tgz 1059ms (cache miss)
1779 http fetch GET 200 https://registry.npmjs.org/lightningcss/-/lightningcss-1.33.0.tgz 1050ms (cache miss)
1780 http fetch GET 200 https://registry.npmjs.org/react/-/react-19.3.0.tgz 1059ms (cache miss)
1781 http fetch GET 200 https://registry.npmjs.org/@tanstack/virtual-file-routes/-/virtual-file-routes-1.162.0.tgz 1107ms (cache miss)
1782 http fetch GET 200 https://registry.npmjs.org/d3-time-format/-/d3-time-format-4.1.0.tgz 1149ms (cache miss)
1783 http fetch GET 200 https://registry.npmjs.org/@jridgewell/sourcemap-codec/-/sourcemap-codec-1.6.0.tgz 1109ms (cache miss)
1784 http fetch GET 200 https://registry.npmjs.org/@jridgewell/gen-mapping/-/gen-mapping-0.3.13.tgz 1120ms (cache miss)
1785 http fetch GET 200 https://registry.npmjs.org/csstype/-/csstype-3.2.3.tgz 1148ms (cache miss)
1786 http fetch GET 200 https://registry.npmjs.org/react-smooth/-/react-smooth-4.0.4.tgz 1160ms (cache miss)
1787 http fetch GET 200 https://registry.npmjs.org/react-transition-group/-/react-transition-group-4.4.5.tgz 1212ms (cache miss)
1788 http fetch GET 200 https://registry.npmjs.org/@tanstack/store/-/store-0.11.2.tgz 1199ms (cache miss)
1789 http fetch GET 200 https://registry.npmjs.org/postcss/-/postcss-8.5.28.tgz 1278ms (cache miss)
1790 http fetch GET 200 https://registry.npmjs.org/@babel/parser/-/parser-7.29.9.tgz 1241ms (cache miss)
1791 http fetch GET 200 https://registry.npmjs.org/tailwindcss/-/tailwindcss-4.3.3.tgz 1244ms (cache miss)
1792 http fetch GET 200 https://registry.npmjs.org/jiti/-/jiti-2.7.0.tgz 1260ms (cache miss)
1793 http fetch GET 200 https://registry.npmjs.org/@jridgewell/trace-mapping/-/trace-mapping-0.3.31.tgz 1273ms (cache miss)
1794 http fetch GET 200 https://registry.npmjs.org/d3-array/-/d3-array-3.2.4.tgz 1350ms (cache miss)
1795 http fetch GET 200 https://registry.npmjs.org/d3-format/-/d3-format-3.1.2.tgz 1415ms (cache miss)
1796 http fetch GET 200 https://registry.npmjs.org/@tanstack/router-utils/-/router-utils-1.162.3.tgz 1376ms (cache miss)
1797 http fetch GET 200 https://registry.npmjs.org/@supabase/supabase-js/-/supabase-js-2.117.2.tgz 1372ms (cache miss)
1798 http fetch GET 200 https://registry.npmjs.org/@supabase/storage-js/-/storage-js-2.117.2.tgz 1379ms (cache miss)
1799 http fetch GET 200 https://registry.npmjs.org/@supabase/postgrest-js/-/postgrest-js-2.117.2.tgz 1386ms (cache miss)
1800 http fetch GET 200 https://registry.npmjs.org/@tailwindcss/oxide-linux-x64-gnu/-/oxide-linux-x64-gnu-4.3.3.tgz 1393ms (cache miss)
1801 http fetch GET 200 https://registry.npmjs.org/rolldown/-/rolldown-1.2.11.tgz 1453ms (cache miss)
1802 http fetch GET 200 https://registry.npmjs.org/@babel/generator/-/generator-7.29.8.tgz 1430ms (cache miss)
1803 http fetch GET 200 https://registry.npmjs.org/d3-shape/-/d3-shape-3.2.0.tgz 1479ms (cache miss)
1804 http fetch GET 200 https://registry.npmjs.org/@supabase/functions-js/-/functions-js-2.117.2.tgz 1435ms (cache miss)
1805 http fetch GET 200 https://registry.npmjs.org/motion-dom/-/motion-dom-11.18.1.tgz 1565ms (cache miss)
1806 http fetch GET 200 https://registry.npmjs.org/vite/-/vite-8.3.1.tgz 1536ms (cache miss)
1807 http fetch GET 200 https://registry.npmjs.org/@supabase/phoenix/-/phoenix-0.4.5.tgz 1566ms (cache miss)
1808 http fetch GET 200 https://registry.npmjs.org/@babel/traverse/-/traverse-7.29.8.tgz 1616ms (cache miss)
1809 http fetch GET 200 https://registry.npmjs.org/enhanced-resolve/-/enhanced-resolve-5.26.0.tgz 1680ms (cache miss)
1810 http fetch GET 200 https://registry.npmjs.org/diff/-/diff-8.0.4.tgz 1934ms (cache miss)
1811 http fetch GET 200 https://registry.npmjs.org/react-dom/-/react-dom-19.3.0.tgz 1932ms (cache miss)
1812 http fetch GET 200 https://registry.npmjs.org/@tanstack/router-generator/-/router-generator-1.167.39.tgz 1985ms (cache miss)
1813 http fetch GET 200 https://registry.npmjs.org/@babel/core/-/core-7.29.7.tgz 2006ms (cache miss)
1814 http fetch GET 200 https://registry.npmjs.org/lightningcss-linux-x64-gnu/-/lightningcss-linux-x64-gnu-1.32.0.tgz 2054ms (cache miss)
1815 http fetch GET 200 https://registry.npmjs.org/dom-helpers/-/dom-helpers-5.2.1.tgz 2079ms (cache miss)
1816 http fetch GET 200 https://registry.npmjs.org/lightningcss-linux-x64-gnu/-/lightningcss-linux-x64-gnu-1.33.0.tgz 2035ms (cache miss)
1817 http fetch GET 200 https://registry.npmjs.org/@supabase/realtime-js/-/realtime-js-2.117.2.tgz 2122ms (cache miss)
1818 http fetch GET 200 https://registry.npmjs.org/prettier/-/prettier-3.9.9.tgz 2148ms (cache miss)
1819 http fetch GET 200 https://registry.npmjs.org/@babel/runtime/-/runtime-7.29.7.tgz 2197ms (cache miss)
1820 http fetch GET 200 https://registry.npmjs.org/@babel/types/-/types-7.29.8.tgz 2240ms (cache miss)
1821 http fetch GET 200 https://registry.npmjs.org/@babel/helpers/-/helpers-7.29.7.tgz 2342ms (cache miss)
1822 http fetch GET 200 https://registry.npmjs.org/@tanstack/router-plugin/-/router-plugin-1.168.41.tgz 2350ms (cache miss)
1823 http fetch GET 200 https://registry.npmjs.org/@rolldown/binding-linux-x64-gnu/-/binding-linux-x64-gnu-1.2.11.tgz 2460ms (cache miss)
1824 http fetch GET 200 https://registry.npmjs.org/@supabase/auth-js/-/auth-js-2.117.2.tgz 2419ms (cache miss)
1825 http fetch GET 200 https://registry.npmjs.org/recharts/-/recharts-2.15.4.tgz 2526ms (cache miss)
1826 warn deprecated recharts@2.15.4: 1.x and 2.x branches are no longer active. Bump to Recharts v3 to receive latest features and bugfixes. See https://github.com/recharts/recharts/wiki/3.0-migration-guide
1827 http fetch GET 200 https://registry.npmjs.org/@tanstack/react-router/-/react-router-1.170.40.tgz 2546ms (cache miss)
1828 http fetch GET 200 https://registry.npmjs.org/victory-vendor/-/victory-vendor-36.9.2.tgz 2598ms (cache miss)
1829 http fetch GET 200 https://registry.npmjs.org/lodash/-/lodash-4.18.1.tgz 2609ms (cache miss)
1830 http fetch GET 200 https://registry.npmjs.org/typescript/-/typescript-5.9.3.tgz 2608ms (cache miss)
1831 http fetch GET 200 https://registry.npmjs.org/@tanstack/router-core/-/router-core-1.171.33.tgz 2739ms (cache miss)
1832 http fetch GET 200 https://registry.npmjs.org/framer-motion/-/framer-motion-11.18.2.tgz 2762ms (cache miss)
1833 http fetch GET 200 https://registry.npmjs.org/caniuse-lite/-/caniuse-lite-1.0.30001813.tgz 2917ms (cache miss)
1834 http fetch GET 200 https://registry.npmjs.org/zod/-/zod-4.6.5.tgz 3057ms (cache miss)
1835 http fetch GET 200 https://registry.npmjs.org/lucide-react/-/lucide-react-0.468.0.tgz 5212ms (cache miss)
1836 silly ADD node_modules/@rolldown/binding-linux-x64-gnu
1837 silly ADD node_modules/@oxc-project/types
1838 silly ADD node_modules/nanoid
1839 silly ADD node_modules/rolldown
1840 silly ADD node_modules/rolldown/node_modules/@rolldown/pluginutils
1841 silly ADD node_modules/postcss
1842 silly ADD node_modules/d3-path
1843 silly ADD node_modules/d3-time-format
1844 silly ADD node_modules/d3-format
1845 silly ADD node_modules/d3-color
1846 silly ADD node_modules/internmap
1847 silly ADD node_modules/@types/d3-path
1848 silly ADD node_modules/@types/d3-color
1849 silly ADD node_modules/d3-timer
1850 silly ADD node_modules/d3-time
1851 silly ADD node_modules/d3-shape
1852 silly ADD node_modules/d3-scale
1853 silly ADD node_modules/d3-interpolate
1854 silly ADD node_modules/d3-ease
1855 silly ADD node_modules/d3-array
1856 silly ADD node_modules/@types/d3-timer
1857 silly ADD node_modules/@types/d3-time
1858 silly ADD node_modules/@types/d3-shape
1859 silly ADD node_modules/@types/d3-scale
1860 silly ADD node_modules/@types/d3-interpolate
1861 silly ADD node_modules/@types/d3-ease
1862 silly ADD node_modules/@types/d3-array
1863 silly ADD node_modules/escalade
1864 silly ADD node_modules/webpack-virtual-modules
1865 silly ADD node_modules/picomatch
1866 silly ADD node_modules/fdir
1867 silly ADD node_modules/decimal.js-light
1868 silly ADD node_modules/dom-helpers
1869 silly ADD node_modules/@babel/runtime
1870 silly ADD node_modules/object-assign
1871 silly ADD node_modules/loose-envify
1872 silly ADD node_modules/react-transition-group
1873 silly ADD node_modules/prop-types
1874 silly ADD node_modules/prop-types/node_modules/react-is
1875 silly ADD node_modules/fast-equals
1876 silly ADD node_modules/victory-vendor
1877 silly ADD node_modules/tiny-invariant
1878 silly ADD node_modules/recharts-scale
1879 silly ADD node_modules/react-smooth
1880 silly ADD node_modules/react-is
1881 silly ADD node_modules/lodash
1882 silly ADD node_modules/eventemitter3
1883 silly ADD node_modules/clsx
1884 silly ADD node_modules/scheduler
1885 silly ADD node_modules/yallist
1886 silly ADD node_modules/lightningcss-linux-x64-gnu
1887 silly ADD node_modules/detect-libc
1888 silly ADD node_modules/motion-utils
1889 silly ADD node_modules/motion-dom
1890 silly ADD node_modules/tapable
1891 silly ADD node_modules/graceful-fs
1892 silly ADD node_modules/ms
1893 silly ADD node_modules/readdirp
1894 silly ADD node_modules/update-browserslist-db
1895 silly ADD node_modules/node-releases
1896 silly ADD node_modules/electron-to-chromium
1897 silly ADD node_modules/caniuse-lite
1898 silly ADD node_modules/baseline-browser-mapping
1899 silly ADD node_modules/@types/babel__traverse
1900 silly ADD node_modules/@types/babel__template
1901 silly ADD node_modules/@types/babel__generator
1902 silly ADD node_modules/@babel/helper-plugin-utils
1903 silly ADD node_modules/react-refresh
1904 silly ADD node_modules/@types/babel__core
1905 silly ADD node_modules/@rolldown/pluginutils
1906 silly ADD node_modules/@babel/plugin-transform-react-jsx-source
1907 silly ADD node_modules/@babel/plugin-transform-react-jsx-self
1908 silly ADD node_modules/csstype
1909 silly ADD node_modules/tinyglobby
1910 silly ADD node_modules/pathe
1911 silly ADD node_modules/diff
1912 silly ADD node_modules/babel-dead-code-elimination
1913 silly ADD node_modules/ansis
1914 silly ADD node_modules/prettier
1915 silly ADD node_modules/@tanstack/virtual-file-routes
1916 silly ADD node_modules/@babel/helper-string-parser
1917 silly ADD node_modules/@babel/helper-globals
1918 silly ADD node_modules/@babel/helper-module-imports
1919 silly ADD node_modules/lru-cache
1920 silly ADD node_modules/browserslist
1921 silly ADD node_modules/@babel/helper-validator-option
1922 silly ADD node_modules/@babel/compat-data
1923 silly ADD node_modules/jsesc
1924 silly ADD node_modules/picocolors
1925 silly ADD node_modules/js-tokens
1926 silly ADD node_modules/@babel/helper-validator-identifier
1927 silly ADD node_modules/semver
1928 silly ADD node_modules/json5
1929 silly ADD node_modules/gensync
1930 silly ADD node_modules/debug
1931 silly ADD node_modules/convert-source-map
1932 silly ADD node_modules/@babel/traverse
1933 silly ADD node_modules/@babel/parser
1934 silly ADD node_modules/@babel/helpers
1935 silly ADD node_modules/@babel/helper-module-transforms
1936 silly ADD node_modules/@babel/helper-compilation-targets
1937 silly ADD node_modules/@babel/generator
1938 silly ADD node_modules/@babel/code-frame
1939 silly ADD node_modules/zod
1940 silly ADD node_modules/unplugin
1941 silly ADD node_modules/chokidar
1942 silly ADD node_modules/@tanstack/router-utils
1943 silly ADD node_modules/@tanstack/router-generator
1944 silly ADD node_modules/@babel/types
1945 silly ADD node_modules/@babel/template
1946 silly ADD node_modules/@babel/core
1947 silly ADD node_modules/seroval-plugins
1948 silly ADD node_modules/seroval
1949 silly ADD node_modules/cookie-es
1950 silly ADD node_modules/use-sync-external-store
1951 silly ADD node_modules/@tanstack/store
1952 silly ADD node_modules/isbot
1953 silly ADD node_modules/@tanstack/router-core
1954 silly ADD node_modules/@tanstack/react-store
1955 silly ADD node_modules/@tanstack/history
1956 silly ADD node_modules/@tailwindcss/oxide-linux-x64-gnu
1957 silly ADD node_modules/@jridgewell/resolve-uri
1958 silly ADD node_modules/@jridgewell/sourcemap-codec
1959 silly ADD node_modules/@jridgewell/trace-mapping
1960 silly ADD node_modules/@jridgewell/gen-mapping
1961 silly ADD node_modules/source-map-js
1962 silly ADD node_modules/magic-string
1963 silly ADD node_modules/lightningcss
1964 silly ADD node_modules/jiti
1965 silly ADD node_modules/enhanced-resolve
1966 silly ADD node_modules/@jridgewell/remapping
1967 silly ADD node_modules/@tailwindcss/oxide
1968 silly ADD node_modules/@tailwindcss/node
1969 silly ADD node_modules/iceberg-js
1970 silly ADD node_modules/@supabase/phoenix
1971 silly ADD node_modules/tslib
1972 silly ADD node_modules/@supabase/storage-js
1973 silly ADD node_modules/@supabase/realtime-js
1974 silly ADD node_modules/@supabase/postgrest-js
1975 silly ADD node_modules/@supabase/functions-js
1976 silly ADD node_modules/@supabase/auth-js
1977 silly ADD node_modules/typescript
1978 silly ADD node_modules/tailwindcss
1979 silly ADD node_modules/recharts
1980 silly ADD node_modules/lucide-react
1981 silly ADD node_modules/framer-motion
1982 silly ADD node_modules/@vitejs/plugin-react
1983 silly ADD node_modules/@types/react-dom
1984 silly ADD node_modules/@types/react
1985 silly ADD node_modules/@tanstack/router-plugin
1986 silly ADD node_modules/react-dom
1987 silly ADD node_modules/react
1988 silly ADD node_modules/@tanstack/react-router
1989 silly ADD node_modules/vite
1990 silly ADD node_modules/vite/node_modules/lightningcss-linux-x64-gnu
1991 silly ADD node_modules/vite/node_modules/lightningcss
1992 silly ADD node_modules/@tailwindcss/vite
1993 silly ADD node_modules/@supabase/supabase-js
1994 verbose cwd /home/sprite
1995 verbose os Linux 6.12.91-fly
1996 verbose node v24.18.0
1997 verbose npm  v12.0.1
1998 notice
1998 notice New minor version of npm available! 12.0.1 -> 12.1.0
1998 notice Changelog: https://github.com/npm/cli/releases/tag/v12.1.0
1998 notice To update run: npm install -g npm@12.1.0
1998 notice  { force: true, Symbol(proc-log.meta): true }
1999 verbose exit 0
2000 info ok
